theme,mode,control,surround,before_contrast,after_contrast
nanite-default,dark,Button,bg-bg,4.614979,16.139393
nanite-default,dark,Button,bg-bg-elevated,4.551293,14.769351
nanite-default,dark,Button,bg-surface,4.212175,12.282387
nanite-default,dark,Button,bg-surface-hover,3.723600,9.793435
nanite-default,dark,Button,bg-surface-active,2.980120,6.754347
nanite-default,dark,Button,bg-selection,4.408463,13.541091
nanite-default,dark,Button,bg-popover,4.551293,14.769351
nanite-default,dark,ButtonDestructive,bg-bg,2.480578,16.139393
nanite-default,dark,ButtonDestructive,bg-bg-elevated,2.510932,14.769351
nanite-default,dark,ButtonDestructive,bg-surface,2.416685,12.282387
nanite-default,dark,ButtonDestructive,bg-surface-hover,2.220996,9.793435
nanite-default,dark,ButtonDestructive,bg-surface-active,1.880394,6.754347
nanite-default,dark,ButtonDestructive,bg-selection,2.482936,13.541091
nanite-default,dark,ButtonDestructive,bg-popover,2.510932,14.769351
nanite-default,dark,Input,bg-bg,4.614979,16.139393
nanite-default,dark,Input,bg-bg-elevated,4.551293,14.769351
nanite-default,dark,Input,bg-surface,4.212175,12.282387
nanite-default,dark,Input,bg-surface-hover,3.723600,9.793435
nanite-default,dark,Input,bg-surface-active,2.980120,6.754347
nanite-default,dark,Input,bg-selection,4.408463,13.541091
nanite-default,dark,Input,bg-popover,4.551293,14.769351
nanite-default,dark,Textarea,bg-bg,4.614979,16.139393
nanite-default,dark,Textarea,bg-bg-elevated,4.551293,14.769351
nanite-default,dark,Textarea,bg-surface,4.212175,12.282387
nanite-default,dark,Textarea,bg-surface-hover,3.723600,9.793435
nanite-default,dark,Textarea,bg-surface-active,2.980120,6.754347
nanite-default,dark,Textarea,bg-selection,4.408463,13.541091
nanite-default,dark,Textarea,bg-popover,4.551293,14.769351
nanite-default,dark,Select,bg-bg,4.614979,16.139393
nanite-default,dark,Select,bg-bg-elevated,4.551293,14.769351
nanite-default,dark,Select,bg-surface,4.212175,12.282387
nanite-default,dark,Select,bg-surface-hover,3.723600,9.793435
nanite-default,dark,Select,bg-surface-active,2.980120,6.754347
nanite-default,dark,Select,bg-selection,4.408463,13.541091
nanite-default,dark,Select,bg-popover,4.551293,14.769351
nanite-default,dark,Checkbox,bg-bg,4.614979,16.139393
nanite-default,dark,Checkbox,bg-bg-elevated,4.551293,14.769351
nanite-default,dark,Checkbox,bg-surface,4.212175,12.282387
nanite-default,dark,Checkbox,bg-surface-hover,3.723600,9.793435
nanite-default,dark,Checkbox,bg-surface-active,2.980120,6.754347
nanite-default,dark,Checkbox,bg-selection,4.408463,13.541091
nanite-default,dark,Checkbox,bg-popover,4.551293,14.769351
nanite-default,dark,Switch,bg-bg,4.614979,16.139393
nanite-default,dark,Switch,bg-bg-elevated,4.551293,14.769351
nanite-default,dark,Switch,bg-surface,4.212175,12.282387
nanite-default,dark,Switch,bg-surface-hover,3.723600,9.793435
nanite-default,dark,Switch,bg-surface-active,2.980120,6.754347
nanite-default,dark,Switch,bg-selection,4.408463,13.541091
nanite-default,dark,Switch,bg-popover,4.551293,14.769351
nanite-default,dark,Tabs,bg-bg,14.769351,14.769351
nanite-default,dark,Tabs,bg-bg-elevated,14.769351,14.769351
nanite-default,dark,Tabs,bg-surface,14.769351,14.769351
nanite-default,dark,Tabs,bg-surface-hover,14.769351,14.769351
nanite-default,dark,Tabs,bg-surface-active,14.769351,14.769351
nanite-default,dark,Tabs,bg-selection,14.769351,14.769351
nanite-default,dark,Tabs,bg-popover,14.769351,14.769351
nanite-default,dark,Badge,bg-bg,16.139393,16.139393
nanite-default,dark,Badge,bg-bg-elevated,14.769351,14.769351
nanite-default,dark,Badge,bg-surface,12.282387,12.282387
nanite-default,dark,Badge,bg-surface-hover,9.793435,9.793435
nanite-default,dark,Badge,bg-surface-active,6.754347,6.754347
nanite-default,dark,Badge,bg-selection,13.541091,13.541091
nanite-default,dark,Badge,bg-popover,14.769351,14.769351
nanite-default,dark,BadgeDestructive,bg-bg,16.139393,16.139393
nanite-default,dark,BadgeDestructive,bg-bg-elevated,14.769351,14.769351
nanite-default,dark,BadgeDestructive,bg-surface,12.282387,12.282387
nanite-default,dark,BadgeDestructive,bg-surface-hover,9.793435,9.793435
nanite-default,dark,BadgeDestructive,bg-surface-active,6.754347,6.754347
nanite-default,dark,BadgeDestructive,bg-selection,13.541091,13.541091
nanite-default,dark,BadgeDestructive,bg-popover,14.769351,14.769351
nanite-default,dark,InputGroup,bg-bg,4.614979,16.139393
nanite-default,dark,InputGroup,bg-bg-elevated,4.551293,14.769351
nanite-default,dark,InputGroup,bg-surface,4.212175,12.282387
nanite-default,dark,InputGroup,bg-surface-hover,3.723600,9.793435
nanite-default,dark,InputGroup,bg-surface-active,2.980120,6.754347
nanite-default,dark,InputGroup,bg-selection,4.408463,13.541091
nanite-default,dark,InputGroup,bg-popover,4.551293,14.769351
nanite-default,dark,InputGroupInvalid,bg-bg,2.480578,16.139393
nanite-default,dark,InputGroupInvalid,bg-bg-elevated,2.510932,14.769351
nanite-default,dark,InputGroupInvalid,bg-surface,2.416685,12.282387
nanite-default,dark,InputGroupInvalid,bg-surface-hover,2.220996,9.793435
nanite-default,dark,InputGroupInvalid,bg-surface-active,1.880394,6.754347
nanite-default,dark,InputGroupInvalid,bg-selection,2.482936,13.541091
nanite-default,dark,InputGroupInvalid,bg-popover,2.510932,14.769351
nanite-default,dark,SelectInvalid,bg-bg,2.480578,16.139393
nanite-default,dark,SelectInvalid,bg-bg-elevated,2.510932,14.769351
nanite-default,dark,SelectInvalid,bg-surface,2.416685,12.282387
nanite-default,dark,SelectInvalid,bg-surface-hover,2.220996,9.793435
nanite-default,dark,SelectInvalid,bg-surface-active,1.880394,6.754347
nanite-default,dark,SelectInvalid,bg-selection,2.482936,13.541091
nanite-default,dark,SelectInvalid,bg-popover,2.510932,14.769351
nanite-default,dark,BadgeInvalid,bg-bg,16.139393,16.139393
nanite-default,dark,BadgeInvalid,bg-bg-elevated,14.769351,14.769351
nanite-default,dark,BadgeInvalid,bg-surface,12.282387,12.282387
nanite-default,dark,BadgeInvalid,bg-surface-hover,9.793435,9.793435
nanite-default,dark,BadgeInvalid,bg-surface-active,6.754347,6.754347
nanite-default,dark,BadgeInvalid,bg-selection,13.541091,13.541091
nanite-default,dark,BadgeInvalid,bg-popover,14.769351,14.769351
nanite-default,dark,ScrollArea,bg-bg,4.614979,16.139393
nanite-default,dark,ScrollArea,bg-bg-elevated,4.551293,14.769351
nanite-default,dark,ScrollArea,bg-surface,4.212175,12.282387
nanite-default,dark,ScrollArea,bg-surface-hover,3.723600,9.793435
nanite-default,dark,ScrollArea,bg-surface-active,2.980120,6.754347
nanite-default,dark,ScrollArea,bg-selection,4.408463,13.541091
nanite-default,dark,ScrollArea,bg-popover,4.551293,14.769351
nanite-default,dark,ThemePicker,bg-bg,16.139393,16.139393
nanite-default,dark,ThemePicker,bg-bg-elevated,14.769351,14.769351
nanite-default,dark,ThemePicker,bg-surface,12.282387,12.282387
nanite-default,dark,ThemePicker,bg-surface-hover,9.793435,9.793435
nanite-default,dark,ThemePicker,bg-surface-active,6.754347,6.754347
nanite-default,dark,ThemePicker,bg-selection,13.541091,13.541091
nanite-default,dark,ThemePicker,bg-popover,14.769351,14.769351
nanite-default,dark,Composer,bg-bg,16.139393,16.139393
nanite-default,dark,Composer,bg-bg-elevated,14.769351,14.769351
nanite-default,dark,Composer,bg-surface,12.282387,12.282387
nanite-default,dark,Composer,bg-surface-hover,9.793435,9.793435
nanite-default,dark,Composer,bg-surface-active,6.754347,6.754347
nanite-default,dark,Composer,bg-selection,13.541091,13.541091
nanite-default,dark,Composer,bg-popover,14.769351,14.769351
nanite-default,dark,ButtonInvalid,bg-bg,2.480578,16.139393
nanite-default,dark,ButtonInvalid,bg-bg-elevated,2.510932,14.769351
nanite-default,dark,ButtonInvalid,bg-surface,2.416685,12.282387
nanite-default,dark,ButtonInvalid,bg-surface-hover,2.220996,9.793435
nanite-default,dark,ButtonInvalid,bg-surface-active,1.880394,6.754347
nanite-default,dark,ButtonInvalid,bg-selection,2.482936,13.541091
nanite-default,dark,ButtonInvalid,bg-popover,2.510932,14.769351
nanite-default,dark,InputInvalid,bg-bg,2.480578,16.139393
nanite-default,dark,InputInvalid,bg-bg-elevated,2.510932,14.769351
nanite-default,dark,InputInvalid,bg-surface,2.416685,12.282387
nanite-default,dark,InputInvalid,bg-surface-hover,2.220996,9.793435
nanite-default,dark,InputInvalid,bg-surface-active,1.880394,6.754347
nanite-default,dark,InputInvalid,bg-selection,2.482936,13.541091
nanite-default,dark,InputInvalid,bg-popover,2.510932,14.769351
nanite-default,dark,TextareaInvalid,bg-bg,2.480578,16.139393
nanite-default,dark,TextareaInvalid,bg-bg-elevated,2.510932,14.769351
nanite-default,dark,TextareaInvalid,bg-surface,2.416685,12.282387
nanite-default,dark,TextareaInvalid,bg-surface-hover,2.220996,9.793435
nanite-default,dark,TextareaInvalid,bg-surface-active,1.880394,6.754347
nanite-default,dark,TextareaInvalid,bg-selection,2.482936,13.541091
nanite-default,dark,TextareaInvalid,bg-popover,2.510932,14.769351
nanite-default,dark,CheckboxInvalid,bg-bg,1.466411,16.139393
nanite-default,dark,CheckboxInvalid,bg-bg-elevated,1.524822,14.769351
nanite-default,dark,CheckboxInvalid,bg-surface,1.544055,12.282387
nanite-default,dark,CheckboxInvalid,bg-surface-hover,1.502790,9.793435
nanite-default,dark,CheckboxInvalid,bg-surface-active,1.389985,6.754347
nanite-default,dark,CheckboxInvalid,bg-selection,1.545211,13.541091
nanite-default,dark,CheckboxInvalid,bg-popover,1.524822,14.769351
nanite-default,dark,SwitchInvalid,bg-bg,2.480578,16.139393
nanite-default,dark,SwitchInvalid,bg-bg-elevated,2.510932,14.769351
nanite-default,dark,SwitchInvalid,bg-surface,2.416685,12.282387
nanite-default,dark,SwitchInvalid,bg-surface-hover,2.220996,9.793435
nanite-default,dark,SwitchInvalid,bg-surface-active,1.880394,6.754347
nanite-default,dark,SwitchInvalid,bg-selection,2.482936,13.541091
nanite-default,dark,SwitchInvalid,bg-popover,2.510932,14.769351
nanite-default,dark,HudInput,bg-bg,16.139393,16.139393
nanite-default,dark,HudInput,bg-bg-elevated,14.769351,14.769351
nanite-default,dark,HudInput,bg-surface,12.282387,12.282387
nanite-default,dark,HudInput,bg-surface-hover,9.793435,9.793435
nanite-default,dark,HudInput,bg-surface-active,6.754347,6.754347
nanite-default,dark,HudInput,bg-selection,13.541091,13.541091
nanite-default,dark,HudInput,bg-popover,14.769351,14.769351
nanite-default,light,Button,bg-bg,3.297116,16.116342
nanite-default,light,Button,bg-bg-elevated,3.366592,17.592114
nanite-default,light,Button,bg-surface,3.137781,13.274425
nanite-default,light,Button,bg-surface-hover,3.037975,11.804264
nanite-default,light,Button,bg-surface-active,2.922069,10.333409
nanite-default,light,Button,bg-selection,3.191417,14.155073
nanite-default,light,Button,bg-popover,3.366592,17.592114
nanite-default,light,ButtonDestructive,bg-bg,1.439068,16.116342
nanite-default,light,ButtonDestructive,bg-bg-elevated,1.449078,17.592114
nanite-default,light,ButtonDestructive,bg-surface,1.415530,13.274425
nanite-default,light,ButtonDestructive,bg-surface-hover,1.400302,11.804264
nanite-default,light,ButtonDestructive,bg-surface-active,1.382115,10.333409
nanite-default,light,ButtonDestructive,bg-selection,1.423066,14.155073
nanite-default,light,ButtonDestructive,bg-popover,1.449078,17.592114
nanite-default,light,Input,bg-bg,3.297116,16.116342
nanite-default,light,Input,bg-bg-elevated,3.366592,17.592114
nanite-default,light,Input,bg-surface,3.137781,13.274425
nanite-default,light,Input,bg-surface-hover,3.037975,11.804264
nanite-default,light,Input,bg-surface-active,2.922069,10.333409
nanite-default,light,Input,bg-selection,3.191417,14.155073
nanite-default,light,Input,bg-popover,3.366592,17.592114
nanite-default,light,Textarea,bg-bg,3.297116,16.116342
nanite-default,light,Textarea,bg-bg-elevated,3.366592,17.592114
nanite-default,light,Textarea,bg-surface,3.137781,13.274425
nanite-default,light,Textarea,bg-surface-hover,3.037975,11.804264
nanite-default,light,Textarea,bg-surface-active,2.922069,10.333409
nanite-default,light,Textarea,bg-selection,3.191417,14.155073
nanite-default,light,Textarea,bg-popover,3.366592,17.592114
nanite-default,light,Select,bg-bg,3.297116,16.116342
nanite-default,light,Select,bg-bg-elevated,3.366592,17.592114
nanite-default,light,Select,bg-surface,3.137781,13.274425
nanite-default,light,Select,bg-surface-hover,3.037975,11.804264
nanite-default,light,Select,bg-surface-active,2.922069,10.333409
nanite-default,light,Select,bg-selection,3.191417,14.155073
nanite-default,light,Select,bg-popover,3.366592,17.592114
nanite-default,light,Checkbox,bg-bg,3.297116,16.116342
nanite-default,light,Checkbox,bg-bg-elevated,3.366592,17.592114
nanite-default,light,Checkbox,bg-surface,3.137781,13.274425
nanite-default,light,Checkbox,bg-surface-hover,3.037975,11.804264
nanite-default,light,Checkbox,bg-surface-active,2.922069,10.333409
nanite-default,light,Checkbox,bg-selection,3.191417,14.155073
nanite-default,light,Checkbox,bg-popover,3.366592,17.592114
nanite-default,light,Switch,bg-bg,3.297116,16.116342
nanite-default,light,Switch,bg-bg-elevated,3.366592,17.592114
nanite-default,light,Switch,bg-surface,3.137781,13.274425
nanite-default,light,Switch,bg-surface-hover,3.037975,11.804264
nanite-default,light,Switch,bg-surface-active,2.922069,10.333409
nanite-default,light,Switch,bg-selection,3.191417,14.155073
nanite-default,light,Switch,bg-popover,3.366592,17.592114
nanite-default,light,Tabs,bg-bg,17.592114,17.592114
nanite-default,light,Tabs,bg-bg-elevated,17.592114,17.592114
nanite-default,light,Tabs,bg-surface,17.592114,17.592114
nanite-default,light,Tabs,bg-surface-hover,17.592114,17.592114
nanite-default,light,Tabs,bg-surface-active,17.592114,17.592114
nanite-default,light,Tabs,bg-selection,17.592114,17.592114
nanite-default,light,Tabs,bg-popover,17.592114,17.592114
nanite-default,light,Badge,bg-bg,16.116342,16.116342
nanite-default,light,Badge,bg-bg-elevated,17.592114,17.592114
nanite-default,light,Badge,bg-surface,13.274425,13.274425
nanite-default,light,Badge,bg-surface-hover,11.804264,11.804264
nanite-default,light,Badge,bg-surface-active,10.333409,10.333409
nanite-default,light,Badge,bg-selection,14.155073,14.155073
nanite-default,light,Badge,bg-popover,17.592114,17.592114
nanite-default,light,BadgeDestructive,bg-bg,16.116342,16.116342
nanite-default,light,BadgeDestructive,bg-bg-elevated,17.592114,17.592114
nanite-default,light,BadgeDestructive,bg-surface,13.274425,13.274425
nanite-default,light,BadgeDestructive,bg-surface-hover,11.804264,11.804264
nanite-default,light,BadgeDestructive,bg-surface-active,10.333409,10.333409
nanite-default,light,BadgeDestructive,bg-selection,14.155073,14.155073
nanite-default,light,BadgeDestructive,bg-popover,17.592114,17.592114
nanite-default,light,InputGroup,bg-bg,3.297116,16.116342
nanite-default,light,InputGroup,bg-bg-elevated,3.366592,17.592114
nanite-default,light,InputGroup,bg-surface,3.137781,13.274425
nanite-default,light,InputGroup,bg-surface-hover,3.037975,11.804264
nanite-default,light,InputGroup,bg-surface-active,2.922069,10.333409
nanite-default,light,InputGroup,bg-selection,3.191417,14.155073
nanite-default,light,InputGroup,bg-popover,3.366592,17.592114
nanite-default,light,InputGroupInvalid,bg-bg,1.439068,16.116342
nanite-default,light,InputGroupInvalid,bg-bg-elevated,1.449078,17.592114
nanite-default,light,InputGroupInvalid,bg-surface,1.415530,13.274425
nanite-default,light,InputGroupInvalid,bg-surface-hover,1.400302,11.804264
nanite-default,light,InputGroupInvalid,bg-surface-active,1.382115,10.333409
nanite-default,light,InputGroupInvalid,bg-selection,1.423066,14.155073
nanite-default,light,InputGroupInvalid,bg-popover,1.449078,17.592114
nanite-default,light,SelectInvalid,bg-bg,1.439068,16.116342
nanite-default,light,SelectInvalid,bg-bg-elevated,1.449078,17.592114
nanite-default,light,SelectInvalid,bg-surface,1.415530,13.274425
nanite-default,light,SelectInvalid,bg-surface-hover,1.400302,11.804264
nanite-default,light,SelectInvalid,bg-surface-active,1.382115,10.333409
nanite-default,light,SelectInvalid,bg-selection,1.423066,14.155073
nanite-default,light,SelectInvalid,bg-popover,1.449078,17.592114
nanite-default,light,BadgeInvalid,bg-bg,16.116342,16.116342
nanite-default,light,BadgeInvalid,bg-bg-elevated,17.592114,17.592114
nanite-default,light,BadgeInvalid,bg-surface,13.274425,13.274425
nanite-default,light,BadgeInvalid,bg-surface-hover,11.804264,11.804264
nanite-default,light,BadgeInvalid,bg-surface-active,10.333409,10.333409
nanite-default,light,BadgeInvalid,bg-selection,14.155073,14.155073
nanite-default,light,BadgeInvalid,bg-popover,17.592114,17.592114
nanite-default,light,ScrollArea,bg-bg,3.297116,16.116342
nanite-default,light,ScrollArea,bg-bg-elevated,3.366592,17.592114
nanite-default,light,ScrollArea,bg-surface,3.137781,13.274425
nanite-default,light,ScrollArea,bg-surface-hover,3.037975,11.804264
nanite-default,light,ScrollArea,bg-surface-active,2.922069,10.333409
nanite-default,light,ScrollArea,bg-selection,3.191417,14.155073
nanite-default,light,ScrollArea,bg-popover,3.366592,17.592114
nanite-default,light,ThemePicker,bg-bg,16.116342,16.116342
nanite-default,light,ThemePicker,bg-bg-elevated,17.592114,17.592114
nanite-default,light,ThemePicker,bg-surface,13.274425,13.274425
nanite-default,light,ThemePicker,bg-surface-hover,11.804264,11.804264
nanite-default,light,ThemePicker,bg-surface-active,10.333409,10.333409
nanite-default,light,ThemePicker,bg-selection,14.155073,14.155073
nanite-default,light,ThemePicker,bg-popover,17.592114,17.592114
nanite-default,light,Composer,bg-bg,16.116342,16.116342
nanite-default,light,Composer,bg-bg-elevated,17.592114,17.592114
nanite-default,light,Composer,bg-surface,13.274425,13.274425
nanite-default,light,Composer,bg-surface-hover,11.804264,11.804264
nanite-default,light,Composer,bg-surface-active,10.333409,10.333409
nanite-default,light,Composer,bg-selection,14.155073,14.155073
nanite-default,light,Composer,bg-popover,17.592114,17.592114
nanite-default,light,ButtonInvalid,bg-bg,1.439068,16.116342
nanite-default,light,ButtonInvalid,bg-bg-elevated,1.449078,17.592114
nanite-default,light,ButtonInvalid,bg-surface,1.415530,13.274425
nanite-default,light,ButtonInvalid,bg-surface-hover,1.400302,11.804264
nanite-default,light,ButtonInvalid,bg-surface-active,1.382115,10.333409
nanite-default,light,ButtonInvalid,bg-selection,1.423066,14.155073
nanite-default,light,ButtonInvalid,bg-popover,1.449078,17.592114
nanite-default,light,InputInvalid,bg-bg,1.439068,16.116342
nanite-default,light,InputInvalid,bg-bg-elevated,1.449078,17.592114
nanite-default,light,InputInvalid,bg-surface,1.415530,13.274425
nanite-default,light,InputInvalid,bg-surface-hover,1.400302,11.804264
nanite-default,light,InputInvalid,bg-surface-active,1.382115,10.333409
nanite-default,light,InputInvalid,bg-selection,1.423066,14.155073
nanite-default,light,InputInvalid,bg-popover,1.449078,17.592114
nanite-default,light,TextareaInvalid,bg-bg,1.439068,16.116342
nanite-default,light,TextareaInvalid,bg-bg-elevated,1.449078,17.592114
nanite-default,light,TextareaInvalid,bg-surface,1.415530,13.274425
nanite-default,light,TextareaInvalid,bg-surface-hover,1.400302,11.804264
nanite-default,light,TextareaInvalid,bg-surface-active,1.382115,10.333409
nanite-default,light,TextareaInvalid,bg-selection,1.423066,14.155073
nanite-default,light,TextareaInvalid,bg-popover,1.449078,17.592114
nanite-default,light,CheckboxInvalid,bg-bg,1.439068,16.116342
nanite-default,light,CheckboxInvalid,bg-bg-elevated,1.449078,17.592114
nanite-default,light,CheckboxInvalid,bg-surface,1.415530,13.274425
nanite-default,light,CheckboxInvalid,bg-surface-hover,1.400302,11.804264
nanite-default,light,CheckboxInvalid,bg-surface-active,1.382115,10.333409
nanite-default,light,CheckboxInvalid,bg-selection,1.423066,14.155073
nanite-default,light,CheckboxInvalid,bg-popover,1.449078,17.592114
nanite-default,light,SwitchInvalid,bg-bg,1.439068,16.116342
nanite-default,light,SwitchInvalid,bg-bg-elevated,1.449078,17.592114
nanite-default,light,SwitchInvalid,bg-surface,1.415530,13.274425
nanite-default,light,SwitchInvalid,bg-surface-hover,1.400302,11.804264
nanite-default,light,SwitchInvalid,bg-surface-active,1.382115,10.333409
nanite-default,light,SwitchInvalid,bg-selection,1.423066,14.155073
nanite-default,light,SwitchInvalid,bg-popover,1.449078,17.592114
nanite-default,light,HudInput,bg-bg,16.116342,16.116342
nanite-default,light,HudInput,bg-bg-elevated,17.592114,17.592114
nanite-default,light,HudInput,bg-surface,13.274425,13.274425
nanite-default,light,HudInput,bg-surface-hover,11.804264,11.804264
nanite-default,light,HudInput,bg-surface-active,10.333409,10.333409
nanite-default,light,HudInput,bg-selection,14.155073,14.155073
nanite-default,light,HudInput,bg-popover,17.592114,17.592114
dir-a,dark,Button,bg-bg,2.191551,6.556109
dir-a,dark,Button,bg-bg-elevated,2.178490,6.023198
dir-a,dark,Button,bg-surface,2.057875,5.063738
dir-a,dark,Button,bg-surface-hover,1.891845,4.203836
dir-a,dark,Button,bg-surface-active,1.638408,3.169801
dir-a,dark,Button,bg-selection,2.119320,5.471784
dir-a,dark,Button,bg-popover,2.178490,6.023198
dir-a,dark,ButtonDestructive,bg-bg,2.467013,6.556109
dir-a,dark,ButtonDestructive,bg-bg-elevated,2.489763,6.023198
dir-a,dark,ButtonDestructive,bg-surface,2.403098,5.063738
dir-a,dark,ButtonDestructive,bg-surface-hover,2.247258,4.203836
dir-a,dark,ButtonDestructive,bg-surface-active,1.988668,3.169801
dir-a,dark,ButtonDestructive,bg-selection,2.454003,5.471784
dir-a,dark,ButtonDestructive,bg-popover,2.489763,6.023198
dir-a,dark,Input,bg-bg,2.191551,6.556109
dir-a,dark,Input,bg-bg-elevated,2.178490,6.023198
dir-a,dark,Input,bg-surface,2.057875,5.063738
dir-a,dark,Input,bg-surface-hover,1.891845,4.203836
dir-a,dark,Input,bg-surface-active,1.638408,3.169801
dir-a,dark,Input,bg-selection,2.119320,5.471784
dir-a,dark,Input,bg-popover,2.178490,6.023198
dir-a,dark,Textarea,bg-bg,2.191551,6.556109
dir-a,dark,Textarea,bg-bg-elevated,2.178490,6.023198
dir-a,dark,Textarea,bg-surface,2.057875,5.063738
dir-a,dark,Textarea,bg-surface-hover,1.891845,4.203836
dir-a,dark,Textarea,bg-surface-active,1.638408,3.169801
dir-a,dark,Textarea,bg-selection,2.119320,5.471784
dir-a,dark,Textarea,bg-popover,2.178490,6.023198
dir-a,dark,Select,bg-bg,2.191551,6.556109
dir-a,dark,Select,bg-bg-elevated,2.178490,6.023198
dir-a,dark,Select,bg-surface,2.057875,5.063738
dir-a,dark,Select,bg-surface-hover,1.891845,4.203836
dir-a,dark,Select,bg-surface-active,1.638408,3.169801
dir-a,dark,Select,bg-selection,2.119320,5.471784
dir-a,dark,Select,bg-popover,2.178490,6.023198
dir-a,dark,Checkbox,bg-bg,2.191551,6.556109
dir-a,dark,Checkbox,bg-bg-elevated,2.178490,6.023198
dir-a,dark,Checkbox,bg-surface,2.057875,5.063738
dir-a,dark,Checkbox,bg-surface-hover,1.891845,4.203836
dir-a,dark,Checkbox,bg-surface-active,1.638408,3.169801
dir-a,dark,Checkbox,bg-selection,2.119320,5.471784
dir-a,dark,Checkbox,bg-popover,2.178490,6.023198
dir-a,dark,Switch,bg-bg,2.191551,6.556109
dir-a,dark,Switch,bg-bg-elevated,2.178490,6.023198
dir-a,dark,Switch,bg-surface,2.057875,5.063738
dir-a,dark,Switch,bg-surface-hover,1.891845,4.203836
dir-a,dark,Switch,bg-surface-active,1.638408,3.169801
dir-a,dark,Switch,bg-selection,2.119320,5.471784
dir-a,dark,Switch,bg-popover,2.178490,6.023198
dir-a,dark,Tabs,bg-bg,4.947045,6.023198
dir-a,dark,Tabs,bg-bg-elevated,4.947045,6.023198
dir-a,dark,Tabs,bg-surface,4.947045,6.023198
dir-a,dark,Tabs,bg-surface-hover,4.947045,6.023198
dir-a,dark,Tabs,bg-surface-active,4.947045,6.023198
dir-a,dark,Tabs,bg-selection,4.947045,6.023198
dir-a,dark,Tabs,bg-popover,4.947045,6.023198
dir-a,dark,Badge,bg-bg,5.384743,6.556109
dir-a,dark,Badge,bg-bg-elevated,4.947045,6.023198
dir-a,dark,Badge,bg-surface,4.159010,5.063738
dir-a,dark,Badge,bg-surface-hover,3.452745,4.203836
dir-a,dark,Badge,bg-surface-active,2.603459,3.169801
dir-a,dark,Badge,bg-selection,4.494151,5.471784
dir-a,dark,Badge,bg-popover,4.947045,6.023198
dir-a,dark,BadgeDestructive,bg-bg,5.384743,6.556109
dir-a,dark,BadgeDestructive,bg-bg-elevated,4.947045,6.023198
dir-a,dark,BadgeDestructive,bg-surface,4.159010,5.063738
dir-a,dark,BadgeDestructive,bg-surface-hover,3.452745,4.203836
dir-a,dark,BadgeDestructive,bg-surface-active,2.603459,3.169801
dir-a,dark,BadgeDestructive,bg-selection,4.494151,5.471784
dir-a,dark,BadgeDestructive,bg-popover,4.947045,6.023198
dir-a,dark,InputGroup,bg-bg,2.191551,6.556109
dir-a,dark,InputGroup,bg-bg-elevated,2.178490,6.023198
dir-a,dark,InputGroup,bg-surface,2.057875,5.063738
dir-a,dark,InputGroup,bg-surface-hover,1.891845,4.203836
dir-a,dark,InputGroup,bg-surface-active,1.638408,3.169801
dir-a,dark,InputGroup,bg-selection,2.119320,5.471784
dir-a,dark,InputGroup,bg-popover,2.178490,6.023198
dir-a,dark,InputGroupInvalid,bg-bg,2.467013,6.556109
dir-a,dark,InputGroupInvalid,bg-bg-elevated,2.489763,6.023198
dir-a,dark,InputGroupInvalid,bg-surface,2.403098,5.063738
dir-a,dark,InputGroupInvalid,bg-surface-hover,2.247258,4.203836
dir-a,dark,InputGroupInvalid,bg-surface-active,1.988668,3.169801
dir-a,dark,InputGroupInvalid,bg-selection,2.454003,5.471784
dir-a,dark,InputGroupInvalid,bg-popover,2.489763,6.023198
dir-a,dark,SelectInvalid,bg-bg,2.467013,6.556109
dir-a,dark,SelectInvalid,bg-bg-elevated,2.489763,6.023198
dir-a,dark,SelectInvalid,bg-surface,2.403098,5.063738
dir-a,dark,SelectInvalid,bg-surface-hover,2.247258,4.203836
dir-a,dark,SelectInvalid,bg-surface-active,1.988668,3.169801
dir-a,dark,SelectInvalid,bg-selection,2.454003,5.471784
dir-a,dark,SelectInvalid,bg-popover,2.489763,6.023198
dir-a,dark,BadgeInvalid,bg-bg,5.384743,6.556109
dir-a,dark,BadgeInvalid,bg-bg-elevated,4.947045,6.023198
dir-a,dark,BadgeInvalid,bg-surface,4.159010,5.063738
dir-a,dark,BadgeInvalid,bg-surface-hover,3.452745,4.203836
dir-a,dark,BadgeInvalid,bg-surface-active,2.603459,3.169801
dir-a,dark,BadgeInvalid,bg-selection,4.494151,5.471784
dir-a,dark,BadgeInvalid,bg-popover,4.947045,6.023198
dir-a,dark,ScrollArea,bg-bg,2.191551,6.556109
dir-a,dark,ScrollArea,bg-bg-elevated,2.178490,6.023198
dir-a,dark,ScrollArea,bg-surface,2.057875,5.063738
dir-a,dark,ScrollArea,bg-surface-hover,1.891845,4.203836
dir-a,dark,ScrollArea,bg-surface-active,1.638408,3.169801
dir-a,dark,ScrollArea,bg-selection,2.119320,5.471784
dir-a,dark,ScrollArea,bg-popover,2.178490,6.023198
dir-a,dark,ThemePicker,bg-bg,5.384743,6.556109
dir-a,dark,ThemePicker,bg-bg-elevated,4.947045,6.023198
dir-a,dark,ThemePicker,bg-surface,4.159010,5.063738
dir-a,dark,ThemePicker,bg-surface-hover,3.452745,4.203836
dir-a,dark,ThemePicker,bg-surface-active,2.603459,3.169801
dir-a,dark,ThemePicker,bg-selection,4.494151,5.471784
dir-a,dark,ThemePicker,bg-popover,4.947045,6.023198
dir-a,dark,Composer,bg-bg,5.384743,6.556109
dir-a,dark,Composer,bg-bg-elevated,4.947045,6.023198
dir-a,dark,Composer,bg-surface,4.159010,5.063738
dir-a,dark,Composer,bg-surface-hover,3.452745,4.203836
dir-a,dark,Composer,bg-surface-active,2.603459,3.169801
dir-a,dark,Composer,bg-selection,4.494151,5.471784
dir-a,dark,Composer,bg-popover,4.947045,6.023198
dir-a,dark,ButtonInvalid,bg-bg,2.467013,6.556109
dir-a,dark,ButtonInvalid,bg-bg-elevated,2.489763,6.023198
dir-a,dark,ButtonInvalid,bg-surface,2.403098,5.063738
dir-a,dark,ButtonInvalid,bg-surface-hover,2.247258,4.203836
dir-a,dark,ButtonInvalid,bg-surface-active,1.988668,3.169801
dir-a,dark,ButtonInvalid,bg-selection,2.454003,5.471784
dir-a,dark,ButtonInvalid,bg-popover,2.489763,6.023198
dir-a,dark,InputInvalid,bg-bg,2.467013,6.556109
dir-a,dark,InputInvalid,bg-bg-elevated,2.489763,6.023198
dir-a,dark,InputInvalid,bg-surface,2.403098,5.063738
dir-a,dark,InputInvalid,bg-surface-hover,2.247258,4.203836
dir-a,dark,InputInvalid,bg-surface-active,1.988668,3.169801
dir-a,dark,InputInvalid,bg-selection,2.454003,5.471784
dir-a,dark,InputInvalid,bg-popover,2.489763,6.023198
dir-a,dark,TextareaInvalid,bg-bg,2.467013,6.556109
dir-a,dark,TextareaInvalid,bg-bg-elevated,2.489763,6.023198
dir-a,dark,TextareaInvalid,bg-surface,2.403098,5.063738
dir-a,dark,TextareaInvalid,bg-surface-hover,2.247258,4.203836
dir-a,dark,TextareaInvalid,bg-surface-active,1.988668,3.169801
dir-a,dark,TextareaInvalid,bg-selection,2.454003,5.471784
dir-a,dark,TextareaInvalid,bg-popover,2.489763,6.023198
dir-a,dark,CheckboxInvalid,bg-bg,1.472916,6.556109
dir-a,dark,CheckboxInvalid,bg-bg-elevated,1.524539,6.023198
dir-a,dark,CheckboxInvalid,bg-surface,1.542942,5.063738
dir-a,dark,CheckboxInvalid,bg-surface-hover,1.512577,4.203836
dir-a,dark,CheckboxInvalid,bg-surface-active,1.432365,3.169801
dir-a,dark,CheckboxInvalid,bg-selection,1.543459,5.471784
dir-a,dark,CheckboxInvalid,bg-popover,1.524539,6.023198
dir-a,dark,SwitchInvalid,bg-bg,2.467013,6.556109
dir-a,dark,SwitchInvalid,bg-bg-elevated,2.489763,6.023198
dir-a,dark,SwitchInvalid,bg-surface,2.403098,5.063738
dir-a,dark,SwitchInvalid,bg-surface-hover,2.247258,4.203836
dir-a,dark,SwitchInvalid,bg-surface-active,1.988668,3.169801
dir-a,dark,SwitchInvalid,bg-selection,2.454003,5.471784
dir-a,dark,SwitchInvalid,bg-popover,2.489763,6.023198
dir-a,dark,HudInput,bg-bg,5.384743,6.556109
dir-a,dark,HudInput,bg-bg-elevated,4.947045,6.023198
dir-a,dark,HudInput,bg-surface,4.159010,5.063738
dir-a,dark,HudInput,bg-surface-hover,3.452745,4.203836
dir-a,dark,HudInput,bg-surface-active,2.603459,3.169801
dir-a,dark,HudInput,bg-selection,4.494151,5.471784
dir-a,dark,HudInput,bg-popover,4.947045,6.023198
dir-a,light,Button,bg-bg,2.263673,6.695546
dir-a,light,Button,bg-bg-elevated,2.315318,7.177498
dir-a,light,Button,bg-surface,2.156200,5.792732
dir-a,light,Button,bg-surface-hover,2.079161,5.219744
dir-a,light,Button,bg-surface-active,1.976962,4.541275
dir-a,light,Button,bg-selection,2.166972,5.879579
dir-a,light,Button,bg-popover,2.315318,7.177498
dir-a,light,ButtonDestructive,bg-bg,1.400592,6.695546
dir-a,light,ButtonDestructive,bg-bg-elevated,1.409438,7.177498
dir-a,light,ButtonDestructive,bg-surface,1.381379,5.792732
dir-a,light,ButtonDestructive,bg-surface-hover,1.366907,5.219744
dir-a,light,ButtonDestructive,bg-surface-active,1.346649,4.541275
dir-a,light,ButtonDestructive,bg-selection,1.383452,5.879579
dir-a,light,ButtonDestructive,bg-popover,1.409438,7.177498
dir-a,light,Input,bg-bg,2.263673,6.695546
dir-a,light,Input,bg-bg-elevated,2.315318,7.177498
dir-a,light,Input,bg-surface,2.156200,5.792732
dir-a,light,Input,bg-surface-hover,2.079161,5.219744
dir-a,light,Input,bg-surface-active,1.976962,4.541275
dir-a,light,Input,bg-selection,2.166972,5.879579
dir-a,light,Input,bg-popover,2.315318,7.177498
dir-a,light,Textarea,bg-bg,2.263673,6.695546
dir-a,light,Textarea,bg-bg-elevated,2.315318,7.177498
dir-a,light,Textarea,bg-surface,2.156200,5.792732
dir-a,light,Textarea,bg-surface-hover,2.079161,5.219744
dir-a,light,Textarea,bg-surface-active,1.976962,4.541275
dir-a,light,Textarea,bg-selection,2.166972,5.879579
dir-a,light,Textarea,bg-popover,2.315318,7.177498
dir-a,light,Select,bg-bg,2.263673,6.695546
dir-a,light,Select,bg-bg-elevated,2.315318,7.177498
dir-a,light,Select,bg-surface,2.156200,5.792732
dir-a,light,Select,bg-surface-hover,2.079161,5.219744
dir-a,light,Select,bg-surface-active,1.976962,4.541275
dir-a,light,Select,bg-selection,2.166972,5.879579
dir-a,light,Select,bg-popover,2.315318,7.177498
dir-a,light,Checkbox,bg-bg,2.263673,6.695546
dir-a,light,Checkbox,bg-bg-elevated,2.315318,7.177498
dir-a,light,Checkbox,bg-surface,2.156200,5.792732
dir-a,light,Checkbox,bg-surface-hover,2.079161,5.219744
dir-a,light,Checkbox,bg-surface-active,1.976962,4.541275
dir-a,light,Checkbox,bg-selection,2.166972,5.879579
dir-a,light,Checkbox,bg-popover,2.315318,7.177498
dir-a,light,Switch,bg-bg,2.263673,6.695546
dir-a,light,Switch,bg-bg-elevated,2.315318,7.177498
dir-a,light,Switch,bg-surface,2.156200,5.792732
dir-a,light,Switch,bg-surface-hover,2.079161,5.219744
dir-a,light,Switch,bg-surface-active,1.976962,4.541275
dir-a,light,Switch,bg-selection,2.166972,5.879579
dir-a,light,Switch,bg-popover,2.315318,7.177498
dir-a,light,Tabs,bg-bg,7.177498,7.177498
dir-a,light,Tabs,bg-bg-elevated,7.177498,7.177498
dir-a,light,Tabs,bg-surface,7.177498,7.177498
dir-a,light,Tabs,bg-surface-hover,7.177498,7.177498
dir-a,light,Tabs,bg-surface-active,7.177498,7.177498
dir-a,light,Tabs,bg-selection,7.177498,7.177498
dir-a,light,Tabs,bg-popover,7.177498,7.177498
dir-a,light,Badge,bg-bg,6.695546,6.695546
dir-a,light,Badge,bg-bg-elevated,7.177498,7.177498
dir-a,light,Badge,bg-surface,5.792732,5.792732
dir-a,light,Badge,bg-surface-hover,5.219744,5.219744
dir-a,light,Badge,bg-surface-active,4.541275,4.541275
dir-a,light,Badge,bg-selection,5.879579,5.879579
dir-a,light,Badge,bg-popover,7.177498,7.177498
dir-a,light,BadgeDestructive,bg-bg,6.695546,6.695546
dir-a,light,BadgeDestructive,bg-bg-elevated,7.177498,7.177498
dir-a,light,BadgeDestructive,bg-surface,5.792732,5.792732
dir-a,light,BadgeDestructive,bg-surface-hover,5.219744,5.219744
dir-a,light,BadgeDestructive,bg-surface-active,4.541275,4.541275
dir-a,light,BadgeDestructive,bg-selection,5.879579,5.879579
dir-a,light,BadgeDestructive,bg-popover,7.177498,7.177498
dir-a,light,InputGroup,bg-bg,2.263673,6.695546
dir-a,light,InputGroup,bg-bg-elevated,2.315318,7.177498
dir-a,light,InputGroup,bg-surface,2.156200,5.792732
dir-a,light,InputGroup,bg-surface-hover,2.079161,5.219744
dir-a,light,InputGroup,bg-surface-active,1.976962,4.541275
dir-a,light,InputGroup,bg-selection,2.166972,5.879579
dir-a,light,InputGroup,bg-popover,2.315318,7.177498
dir-a,light,InputGroupInvalid,bg-bg,1.400592,6.695546
dir-a,light,InputGroupInvalid,bg-bg-elevated,1.409438,7.177498
dir-a,light,InputGroupInvalid,bg-surface,1.381379,5.792732
dir-a,light,InputGroupInvalid,bg-surface-hover,1.366907,5.219744
dir-a,light,InputGroupInvalid,bg-surface-active,1.346649,4.541275
dir-a,light,InputGroupInvalid,bg-selection,1.383452,5.879579
dir-a,light,InputGroupInvalid,bg-popover,1.409438,7.177498
dir-a,light,SelectInvalid,bg-bg,1.400592,6.695546
dir-a,light,SelectInvalid,bg-bg-elevated,1.409438,7.177498
dir-a,light,SelectInvalid,bg-surface,1.381379,5.792732
dir-a,light,SelectInvalid,bg-surface-hover,1.366907,5.219744
dir-a,light,SelectInvalid,bg-surface-active,1.346649,4.541275
dir-a,light,SelectInvalid,bg-selection,1.383452,5.879579
dir-a,light,SelectInvalid,bg-popover,1.409438,7.177498
dir-a,light,BadgeInvalid,bg-bg,6.695546,6.695546
dir-a,light,BadgeInvalid,bg-bg-elevated,7.177498,7.177498
dir-a,light,BadgeInvalid,bg-surface,5.792732,5.792732
dir-a,light,BadgeInvalid,bg-surface-hover,5.219744,5.219744
dir-a,light,BadgeInvalid,bg-surface-active,4.541275,4.541275
dir-a,light,BadgeInvalid,bg-selection,5.879579,5.879579
dir-a,light,BadgeInvalid,bg-popover,7.177498,7.177498
dir-a,light,ScrollArea,bg-bg,2.263673,6.695546
dir-a,light,ScrollArea,bg-bg-elevated,2.315318,7.177498
dir-a,light,ScrollArea,bg-surface,2.156200,5.792732
dir-a,light,ScrollArea,bg-surface-hover,2.079161,5.219744
dir-a,light,ScrollArea,bg-surface-active,1.976962,4.541275
dir-a,light,ScrollArea,bg-selection,2.166972,5.879579
dir-a,light,ScrollArea,bg-popover,2.315318,7.177498
dir-a,light,ThemePicker,bg-bg,6.695546,6.695546
dir-a,light,ThemePicker,bg-bg-elevated,7.177498,7.177498
dir-a,light,ThemePicker,bg-surface,5.792732,5.792732
dir-a,light,ThemePicker,bg-surface-hover,5.219744,5.219744
dir-a,light,ThemePicker,bg-surface-active,4.541275,4.541275
dir-a,light,ThemePicker,bg-selection,5.879579,5.879579
dir-a,light,ThemePicker,bg-popover,7.177498,7.177498
dir-a,light,Composer,bg-bg,6.695546,6.695546
dir-a,light,Composer,bg-bg-elevated,7.177498,7.177498
dir-a,light,Composer,bg-surface,5.792732,5.792732
dir-a,light,Composer,bg-surface-hover,5.219744,5.219744
dir-a,light,Composer,bg-surface-active,4.541275,4.541275
dir-a,light,Composer,bg-selection,5.879579,5.879579
dir-a,light,Composer,bg-popover,7.177498,7.177498
dir-a,light,ButtonInvalid,bg-bg,1.400592,6.695546
dir-a,light,ButtonInvalid,bg-bg-elevated,1.409438,7.177498
dir-a,light,ButtonInvalid,bg-surface,1.381379,5.792732
dir-a,light,ButtonInvalid,bg-surface-hover,1.366907,5.219744
dir-a,light,ButtonInvalid,bg-surface-active,1.346649,4.541275
dir-a,light,ButtonInvalid,bg-selection,1.383452,5.879579
dir-a,light,ButtonInvalid,bg-popover,1.409438,7.177498
dir-a,light,InputInvalid,bg-bg,1.400592,6.695546
dir-a,light,InputInvalid,bg-bg-elevated,1.409438,7.177498
dir-a,light,InputInvalid,bg-surface,1.381379,5.792732
dir-a,light,InputInvalid,bg-surface-hover,1.366907,5.219744
dir-a,light,InputInvalid,bg-surface-active,1.346649,4.541275
dir-a,light,InputInvalid,bg-selection,1.383452,5.879579
dir-a,light,InputInvalid,bg-popover,1.409438,7.177498
dir-a,light,TextareaInvalid,bg-bg,1.400592,6.695546
dir-a,light,TextareaInvalid,bg-bg-elevated,1.409438,7.177498
dir-a,light,TextareaInvalid,bg-surface,1.381379,5.792732
dir-a,light,TextareaInvalid,bg-surface-hover,1.366907,5.219744
dir-a,light,TextareaInvalid,bg-surface-active,1.346649,4.541275
dir-a,light,TextareaInvalid,bg-selection,1.383452,5.879579
dir-a,light,TextareaInvalid,bg-popover,1.409438,7.177498
dir-a,light,CheckboxInvalid,bg-bg,1.400592,6.695546
dir-a,light,CheckboxInvalid,bg-bg-elevated,1.409438,7.177498
dir-a,light,CheckboxInvalid,bg-surface,1.381379,5.792732
dir-a,light,CheckboxInvalid,bg-surface-hover,1.366907,5.219744
dir-a,light,CheckboxInvalid,bg-surface-active,1.346649,4.541275
dir-a,light,CheckboxInvalid,bg-selection,1.383452,5.879579
dir-a,light,CheckboxInvalid,bg-popover,1.409438,7.177498
dir-a,light,SwitchInvalid,bg-bg,1.400592,6.695546
dir-a,light,SwitchInvalid,bg-bg-elevated,1.409438,7.177498
dir-a,light,SwitchInvalid,bg-surface,1.381379,5.792732
dir-a,light,SwitchInvalid,bg-surface-hover,1.366907,5.219744
dir-a,light,SwitchInvalid,bg-surface-active,1.346649,4.541275
dir-a,light,SwitchInvalid,bg-selection,1.383452,5.879579
dir-a,light,SwitchInvalid,bg-popover,1.409438,7.177498
dir-a,light,HudInput,bg-bg,6.695546,6.695546
dir-a,light,HudInput,bg-bg-elevated,7.177498,7.177498
dir-a,light,HudInput,bg-surface,5.792732,5.792732
dir-a,light,HudInput,bg-surface-hover,5.219744,5.219744
dir-a,light,HudInput,bg-surface-active,4.541275,4.541275
dir-a,light,HudInput,bg-selection,5.879579,5.879579
dir-a,light,HudInput,bg-popover,7.177498,7.177498
dir-b,dark,Button,bg-bg,2.494832,6.439135
dir-b,dark,Button,bg-bg-elevated,2.473017,6.043036
dir-b,dark,Button,bg-surface,2.361529,5.248295
dir-b,dark,Button,bg-surface-hover,2.158145,4.305138
dir-b,dark,Button,bg-surface-active,1.917436,3.426404
dir-b,dark,Button,bg-selection,2.384183,5.367981
dir-b,dark,Button,bg-popover,2.473017,6.043036
dir-b,dark,ButtonDestructive,bg-bg,2.449286,6.439135
dir-b,dark,ButtonDestructive,bg-bg-elevated,2.456776,6.043036
dir-b,dark,ButtonDestructive,bg-surface,2.393562,5.248295
dir-b,dark,ButtonDestructive,bg-surface-hover,2.236460,4.305138
dir-b,dark,ButtonDestructive,bg-surface-active,2.032227,3.426404
dir-b,dark,ButtonDestructive,bg-selection,2.406794,5.367981
dir-b,dark,ButtonDestructive,bg-popover,2.456776,6.043036
dir-b,dark,Input,bg-bg,2.494832,6.439135
dir-b,dark,Input,bg-bg-elevated,2.473017,6.043036
dir-b,dark,Input,bg-surface,2.361529,5.248295
dir-b,dark,Input,bg-surface-hover,2.158145,4.305138
dir-b,dark,Input,bg-surface-active,1.917436,3.426404
dir-b,dark,Input,bg-selection,2.384183,5.367981
dir-b,dark,Input,bg-popover,2.473017,6.043036
dir-b,dark,Textarea,bg-bg,2.494832,6.439135
dir-b,dark,Textarea,bg-bg-elevated,2.473017,6.043036
dir-b,dark,Textarea,bg-surface,2.361529,5.248295
dir-b,dark,Textarea,bg-surface-hover,2.158145,4.305138
dir-b,dark,Textarea,bg-surface-active,1.917436,3.426404
dir-b,dark,Textarea,bg-selection,2.384183,5.367981
dir-b,dark,Textarea,bg-popover,2.473017,6.043036
dir-b,dark,Select,bg-bg,2.494832,6.439135
dir-b,dark,Select,bg-bg-elevated,2.473017,6.043036
dir-b,dark,Select,bg-surface,2.361529,5.248295
dir-b,dark,Select,bg-surface-hover,2.158145,4.305138
dir-b,dark,Select,bg-surface-active,1.917436,3.426404
dir-b,dark,Select,bg-selection,2.384183,5.367981
dir-b,dark,Select,bg-popover,2.473017,6.043036
dir-b,dark,Checkbox,bg-bg,2.494832,6.439135
dir-b,dark,Checkbox,bg-bg-elevated,2.473017,6.043036
dir-b,dark,Checkbox,bg-surface,2.361529,5.248295
dir-b,dark,Checkbox,bg-surface-hover,2.158145,4.305138
dir-b,dark,Checkbox,bg-surface-active,1.917436,3.426404
dir-b,dark,Checkbox,bg-selection,2.384183,5.367981
dir-b,dark,Checkbox,bg-popover,2.473017,6.043036
dir-b,dark,Switch,bg-bg,2.494832,6.439135
dir-b,dark,Switch,bg-bg-elevated,2.473017,6.043036
dir-b,dark,Switch,bg-surface,2.361529,5.248295
dir-b,dark,Switch,bg-surface-hover,2.158145,4.305138
dir-b,dark,Switch,bg-surface-active,1.917436,3.426404
dir-b,dark,Switch,bg-selection,2.384183,5.367981
dir-b,dark,Switch,bg-popover,2.473017,6.043036
dir-b,dark,Tabs,bg-bg,6.043036,6.043036
dir-b,dark,Tabs,bg-bg-elevated,6.043036,6.043036
dir-b,dark,Tabs,bg-surface,6.043036,6.043036
dir-b,dark,Tabs,bg-surface-hover,6.043036,6.043036
dir-b,dark,Tabs,bg-surface-active,6.043036,6.043036
dir-b,dark,Tabs,bg-selection,6.043036,6.043036
dir-b,dark,Tabs,bg-popover,6.043036,6.043036
dir-b,dark,Badge,bg-bg,6.439135,6.439135
dir-b,dark,Badge,bg-bg-elevated,6.043036,6.043036
dir-b,dark,Badge,bg-surface,5.248295,5.248295
dir-b,dark,Badge,bg-surface-hover,4.305138,4.305138
dir-b,dark,Badge,bg-surface-active,3.426404,3.426404
dir-b,dark,Badge,bg-selection,5.367981,5.367981
dir-b,dark,Badge,bg-popover,6.043036,6.043036
dir-b,dark,BadgeDestructive,bg-bg,6.439135,6.439135
dir-b,dark,BadgeDestructive,bg-bg-elevated,6.043036,6.043036
dir-b,dark,BadgeDestructive,bg-surface,5.248295,5.248295
dir-b,dark,BadgeDestructive,bg-surface-hover,4.305138,4.305138
dir-b,dark,BadgeDestructive,bg-surface-active,3.426404,3.426404
dir-b,dark,BadgeDestructive,bg-selection,5.367981,5.367981
dir-b,dark,BadgeDestructive,bg-popover,6.043036,6.043036
dir-b,dark,InputGroup,bg-bg,2.494832,6.439135
dir-b,dark,InputGroup,bg-bg-elevated,2.473017,6.043036
dir-b,dark,InputGroup,bg-surface,2.361529,5.248295
dir-b,dark,InputGroup,bg-surface-hover,2.158145,4.305138
dir-b,dark,InputGroup,bg-surface-active,1.917436,3.426404
dir-b,dark,InputGroup,bg-selection,2.384183,5.367981
dir-b,dark,InputGroup,bg-popover,2.473017,6.043036
dir-b,dark,InputGroupInvalid,bg-bg,2.449286,6.439135
dir-b,dark,InputGroupInvalid,bg-bg-elevated,2.456776,6.043036
dir-b,dark,InputGroupInvalid,bg-surface,2.393562,5.248295
dir-b,dark,InputGroupInvalid,bg-surface-hover,2.236460,4.305138
dir-b,dark,InputGroupInvalid,bg-surface-active,2.032227,3.426404
dir-b,dark,InputGroupInvalid,bg-selection,2.406794,5.367981
dir-b,dark,InputGroupInvalid,bg-popover,2.456776,6.043036
dir-b,dark,SelectInvalid,bg-bg,2.449286,6.439135
dir-b,dark,SelectInvalid,bg-bg-elevated,2.456776,6.043036
dir-b,dark,SelectInvalid,bg-surface,2.393562,5.248295
dir-b,dark,SelectInvalid,bg-surface-hover,2.236460,4.305138
dir-b,dark,SelectInvalid,bg-surface-active,2.032227,3.426404
dir-b,dark,SelectInvalid,bg-selection,2.406794,5.367981
dir-b,dark,SelectInvalid,bg-popover,2.456776,6.043036
dir-b,dark,BadgeInvalid,bg-bg,6.439135,6.439135
dir-b,dark,BadgeInvalid,bg-bg-elevated,6.043036,6.043036
dir-b,dark,BadgeInvalid,bg-surface,5.248295,5.248295
dir-b,dark,BadgeInvalid,bg-surface-hover,4.305138,4.305138
dir-b,dark,BadgeInvalid,bg-surface-active,3.426404,3.426404
dir-b,dark,BadgeInvalid,bg-selection,5.367981,5.367981
dir-b,dark,BadgeInvalid,bg-popover,6.043036,6.043036
dir-b,dark,ScrollArea,bg-bg,2.494832,6.439135
dir-b,dark,ScrollArea,bg-bg-elevated,2.473017,6.043036
dir-b,dark,ScrollArea,bg-surface,2.361529,5.248295
dir-b,dark,ScrollArea,bg-surface-hover,2.158145,4.305138
dir-b,dark,ScrollArea,bg-surface-active,1.917436,3.426404
dir-b,dark,ScrollArea,bg-selection,2.384183,5.367981
dir-b,dark,ScrollArea,bg-popover,2.473017,6.043036
dir-b,dark,ThemePicker,bg-bg,6.439135,6.439135
dir-b,dark,ThemePicker,bg-bg-elevated,6.043036,6.043036
dir-b,dark,ThemePicker,bg-surface,5.248295,5.248295
dir-b,dark,ThemePicker,bg-surface-hover,4.305138,4.305138
dir-b,dark,ThemePicker,bg-surface-active,3.426404,3.426404
dir-b,dark,ThemePicker,bg-selection,5.367981,5.367981
dir-b,dark,ThemePicker,bg-popover,6.043036,6.043036
dir-b,dark,Composer,bg-bg,6.439135,6.439135
dir-b,dark,Composer,bg-bg-elevated,6.043036,6.043036
dir-b,dark,Composer,bg-surface,5.248295,5.248295
dir-b,dark,Composer,bg-surface-hover,4.305138,4.305138
dir-b,dark,Composer,bg-surface-active,3.426404,3.426404
dir-b,dark,Composer,bg-selection,5.367981,5.367981
dir-b,dark,Composer,bg-popover,6.043036,6.043036
dir-b,dark,ButtonInvalid,bg-bg,2.449286,6.439135
dir-b,dark,ButtonInvalid,bg-bg-elevated,2.456776,6.043036
dir-b,dark,ButtonInvalid,bg-surface,2.393562,5.248295
dir-b,dark,ButtonInvalid,bg-surface-hover,2.236460,4.305138
dir-b,dark,ButtonInvalid,bg-surface-active,2.032227,3.426404
dir-b,dark,ButtonInvalid,bg-selection,2.406794,5.367981
dir-b,dark,ButtonInvalid,bg-popover,2.456776,6.043036
dir-b,dark,InputInvalid,bg-bg,2.449286,6.439135
dir-b,dark,InputInvalid,bg-bg-elevated,2.456776,6.043036
dir-b,dark,InputInvalid,bg-surface,2.393562,5.248295
dir-b,dark,InputInvalid,bg-surface-hover,2.236460,4.305138
dir-b,dark,InputInvalid,bg-surface-active,2.032227,3.426404
dir-b,dark,InputInvalid,bg-selection,2.406794,5.367981
dir-b,dark,InputInvalid,bg-popover,2.456776,6.043036
dir-b,dark,TextareaInvalid,bg-bg,2.449286,6.439135
dir-b,dark,TextareaInvalid,bg-bg-elevated,2.456776,6.043036
dir-b,dark,TextareaInvalid,bg-surface,2.393562,5.248295
dir-b,dark,TextareaInvalid,bg-surface-hover,2.236460,4.305138
dir-b,dark,TextareaInvalid,bg-surface-active,2.032227,3.426404
dir-b,dark,TextareaInvalid,bg-selection,2.406794,5.367981
dir-b,dark,TextareaInvalid,bg-popover,2.456776,6.043036
dir-b,dark,CheckboxInvalid,bg-bg,1.472389,6.439135
dir-b,dark,CheckboxInvalid,bg-bg-elevated,1.503831,6.043036
dir-b,dark,CheckboxInvalid,bg-surface,1.521859,5.248295
dir-b,dark,CheckboxInvalid,bg-surface-hover,1.494982,4.305138
dir-b,dark,CheckboxInvalid,bg-surface-active,1.435119,3.426404
dir-b,dark,CheckboxInvalid,bg-selection,1.521291,5.367981
dir-b,dark,CheckboxInvalid,bg-popover,1.503831,6.043036
dir-b,dark,SwitchInvalid,bg-bg,2.449286,6.439135
dir-b,dark,SwitchInvalid,bg-bg-elevated,2.456776,6.043036
dir-b,dark,SwitchInvalid,bg-surface,2.393562,5.248295
dir-b,dark,SwitchInvalid,bg-surface-hover,2.236460,4.305138
dir-b,dark,SwitchInvalid,bg-surface-active,2.032227,3.426404
dir-b,dark,SwitchInvalid,bg-selection,2.406794,5.367981
dir-b,dark,SwitchInvalid,bg-popover,2.456776,6.043036
dir-b,dark,HudInput,bg-bg,6.439135,6.439135
dir-b,dark,HudInput,bg-bg-elevated,6.043036,6.043036
dir-b,dark,HudInput,bg-surface,5.248295,5.248295
dir-b,dark,HudInput,bg-surface-hover,4.305138,4.305138
dir-b,dark,HudInput,bg-surface-active,3.426404,3.426404
dir-b,dark,HudInput,bg-selection,5.367981,5.367981
dir-b,dark,HudInput,bg-popover,6.043036,6.043036
dir-b,light,Button,bg-bg,2.156834,6.029446
dir-b,light,Button,bg-bg-elevated,2.200909,6.403848
dir-b,light,Button,bg-surface,2.024785,5.027208
dir-b,light,Button,bg-surface-hover,1.933521,4.429556
dir-b,light,Button,bg-surface-active,1.844179,3.908181
dir-b,light,Button,bg-selection,2.078432,5.415443
dir-b,light,Button,bg-popover,2.200909,6.403848
dir-b,light,ButtonDestructive,bg-bg,1.410654,6.029446
dir-b,light,ButtonDestructive,bg-bg-elevated,1.418472,6.403848
dir-b,light,ButtonDestructive,bg-surface,1.385745,5.027208
dir-b,light,ButtonDestructive,bg-surface-hover,1.367572,4.429556
dir-b,light,ButtonDestructive,bg-surface-active,1.348938,3.908181
dir-b,light,ButtonDestructive,bg-selection,1.396241,5.415443
dir-b,light,ButtonDestructive,bg-popover,1.418472,6.403848
dir-b,light,Input,bg-bg,2.156834,6.029446
dir-b,light,Input,bg-bg-elevated,2.200909,6.403848
dir-b,light,Input,bg-surface,2.024785,5.027208
dir-b,light,Input,bg-surface-hover,1.933521,4.429556
dir-b,light,Input,bg-surface-active,1.844179,3.908181
dir-b,light,Input,bg-selection,2.078432,5.415443
dir-b,light,Input,bg-popover,2.200909,6.403848
dir-b,light,Textarea,bg-bg,2.156834,6.029446
dir-b,light,Textarea,bg-bg-elevated,2.200909,6.403848
dir-b,light,Textarea,bg-surface,2.024785,5.027208
dir-b,light,Textarea,bg-surface-hover,1.933521,4.429556
dir-b,light,Textarea,bg-surface-active,1.844179,3.908181
dir-b,light,Textarea,bg-selection,2.078432,5.415443
dir-b,light,Textarea,bg-popover,2.200909,6.403848
dir-b,light,Select,bg-bg,2.156834,6.029446
dir-b,light,Select,bg-bg-elevated,2.200909,6.403848
dir-b,light,Select,bg-surface,2.024785,5.027208
dir-b,light,Select,bg-surface-hover,1.933521,4.429556
dir-b,light,Select,bg-surface-active,1.844179,3.908181
dir-b,light,Select,bg-selection,2.078432,5.415443
dir-b,light,Select,bg-popover,2.200909,6.403848
dir-b,light,Checkbox,bg-bg,2.156834,6.029446
dir-b,light,Checkbox,bg-bg-elevated,2.200909,6.403848
dir-b,light,Checkbox,bg-surface,2.024785,5.027208
dir-b,light,Checkbox,bg-surface-hover,1.933521,4.429556
dir-b,light,Checkbox,bg-surface-active,1.844179,3.908181
dir-b,light,Checkbox,bg-selection,2.078432,5.415443
dir-b,light,Checkbox,bg-popover,2.200909,6.403848
dir-b,light,Switch,bg-bg,2.156834,6.029446
dir-b,light,Switch,bg-bg-elevated,2.200909,6.403848
dir-b,light,Switch,bg-surface,2.024785,5.027208
dir-b,light,Switch,bg-surface-hover,1.933521,4.429556
dir-b,light,Switch,bg-surface-active,1.844179,3.908181
dir-b,light,Switch,bg-selection,2.078432,5.415443
dir-b,light,Switch,bg-popover,2.200909,6.403848
dir-b,light,Tabs,bg-bg,6.403848,6.403848
dir-b,light,Tabs,bg-bg-elevated,6.403848,6.403848
dir-b,light,Tabs,bg-surface,6.403848,6.403848
dir-b,light,Tabs,bg-surface-hover,6.403848,6.403848
dir-b,light,Tabs,bg-surface-active,6.403848,6.403848
dir-b,light,Tabs,bg-selection,6.403848,6.403848
dir-b,light,Tabs,bg-popover,6.403848,6.403848
dir-b,light,Badge,bg-bg,6.029446,6.029446
dir-b,light,Badge,bg-bg-elevated,6.403848,6.403848
dir-b,light,Badge,bg-surface,5.027208,5.027208
dir-b,light,Badge,bg-surface-hover,4.429556,4.429556
dir-b,light,Badge,bg-surface-active,3.908181,3.908181
dir-b,light,Badge,bg-selection,5.415443,5.415443
dir-b,light,Badge,bg-popover,6.403848,6.403848
dir-b,light,BadgeDestructive,bg-bg,6.029446,6.029446
dir-b,light,BadgeDestructive,bg-bg-elevated,6.403848,6.403848
dir-b,light,BadgeDestructive,bg-surface,5.027208,5.027208
dir-b,light,BadgeDestructive,bg-surface-hover,4.429556,4.429556
dir-b,light,BadgeDestructive,bg-surface-active,3.908181,3.908181
dir-b,light,BadgeDestructive,bg-selection,5.415443,5.415443
dir-b,light,BadgeDestructive,bg-popover,6.403848,6.403848
dir-b,light,InputGroup,bg-bg,2.156834,6.029446
dir-b,light,InputGroup,bg-bg-elevated,2.200909,6.403848
dir-b,light,InputGroup,bg-surface,2.024785,5.027208
dir-b,light,InputGroup,bg-surface-hover,1.933521,4.429556
dir-b,light,InputGroup,bg-surface-active,1.844179,3.908181
dir-b,light,InputGroup,bg-selection,2.078432,5.415443
dir-b,light,InputGroup,bg-popover,2.200909,6.403848
dir-b,light,InputGroupInvalid,bg-bg,1.410654,6.029446
dir-b,light,InputGroupInvalid,bg-bg-elevated,1.418472,6.403848
dir-b,light,InputGroupInvalid,bg-surface,1.385745,5.027208
dir-b,light,InputGroupInvalid,bg-surface-hover,1.367572,4.429556
dir-b,light,InputGroupInvalid,bg-surface-active,1.348938,3.908181
dir-b,light,InputGroupInvalid,bg-selection,1.396241,5.415443
dir-b,light,InputGroupInvalid,bg-popover,1.418472,6.403848
dir-b,light,SelectInvalid,bg-bg,1.410654,6.029446
dir-b,light,SelectInvalid,bg-bg-elevated,1.418472,6.403848
dir-b,light,SelectInvalid,bg-surface,1.385745,5.027208
dir-b,light,SelectInvalid,bg-surface-hover,1.367572,4.429556
dir-b,light,SelectInvalid,bg-surface-active,1.348938,3.908181
dir-b,light,SelectInvalid,bg-selection,1.396241,5.415443
dir-b,light,SelectInvalid,bg-popover,1.418472,6.403848
dir-b,light,BadgeInvalid,bg-bg,6.029446,6.029446
dir-b,light,BadgeInvalid,bg-bg-elevated,6.403848,6.403848
dir-b,light,BadgeInvalid,bg-surface,5.027208,5.027208
dir-b,light,BadgeInvalid,bg-surface-hover,4.429556,4.429556
dir-b,light,BadgeInvalid,bg-surface-active,3.908181,3.908181
dir-b,light,BadgeInvalid,bg-selection,5.415443,5.415443
dir-b,light,BadgeInvalid,bg-popover,6.403848,6.403848
dir-b,light,ScrollArea,bg-bg,2.156834,6.029446
dir-b,light,ScrollArea,bg-bg-elevated,2.200909,6.403848
dir-b,light,ScrollArea,bg-surface,2.024785,5.027208
dir-b,light,ScrollArea,bg-surface-hover,1.933521,4.429556
dir-b,light,ScrollArea,bg-surface-active,1.844179,3.908181
dir-b,light,ScrollArea,bg-selection,2.078432,5.415443
dir-b,light,ScrollArea,bg-popover,2.200909,6.403848
dir-b,light,ThemePicker,bg-bg,6.029446,6.029446
dir-b,light,ThemePicker,bg-bg-elevated,6.403848,6.403848
dir-b,light,ThemePicker,bg-surface,5.027208,5.027208
dir-b,light,ThemePicker,bg-surface-hover,4.429556,4.429556
dir-b,light,ThemePicker,bg-surface-active,3.908181,3.908181
dir-b,light,ThemePicker,bg-selection,5.415443,5.415443
dir-b,light,ThemePicker,bg-popover,6.403848,6.403848
dir-b,light,Composer,bg-bg,6.029446,6.029446
dir-b,light,Composer,bg-bg-elevated,6.403848,6.403848
dir-b,light,Composer,bg-surface,5.027208,5.027208
dir-b,light,Composer,bg-surface-hover,4.429556,4.429556
dir-b,light,Composer,bg-surface-active,3.908181,3.908181
dir-b,light,Composer,bg-selection,5.415443,5.415443
dir-b,light,Composer,bg-popover,6.403848,6.403848
dir-b,light,ButtonInvalid,bg-bg,1.410654,6.029446
dir-b,light,ButtonInvalid,bg-bg-elevated,1.418472,6.403848
dir-b,light,ButtonInvalid,bg-surface,1.385745,5.027208
dir-b,light,ButtonInvalid,bg-surface-hover,1.367572,4.429556
dir-b,light,ButtonInvalid,bg-surface-active,1.348938,3.908181
dir-b,light,ButtonInvalid,bg-selection,1.396241,5.415443
dir-b,light,ButtonInvalid,bg-popover,1.418472,6.403848
dir-b,light,InputInvalid,bg-bg,1.410654,6.029446
dir-b,light,InputInvalid,bg-bg-elevated,1.418472,6.403848
dir-b,light,InputInvalid,bg-surface,1.385745,5.027208
dir-b,light,InputInvalid,bg-surface-hover,1.367572,4.429556
dir-b,light,InputInvalid,bg-surface-active,1.348938,3.908181
dir-b,light,InputInvalid,bg-selection,1.396241,5.415443
dir-b,light,InputInvalid,bg-popover,1.418472,6.403848
dir-b,light,TextareaInvalid,bg-bg,1.410654,6.029446
dir-b,light,TextareaInvalid,bg-bg-elevated,1.418472,6.403848
dir-b,light,TextareaInvalid,bg-surface,1.385745,5.027208
dir-b,light,TextareaInvalid,bg-surface-hover,1.367572,4.429556
dir-b,light,TextareaInvalid,bg-surface-active,1.348938,3.908181
dir-b,light,TextareaInvalid,bg-selection,1.396241,5.415443
dir-b,light,TextareaInvalid,bg-popover,1.418472,6.403848
dir-b,light,CheckboxInvalid,bg-bg,1.410654,6.029446
dir-b,light,CheckboxInvalid,bg-bg-elevated,1.418472,6.403848
dir-b,light,CheckboxInvalid,bg-surface,1.385745,5.027208
dir-b,light,CheckboxInvalid,bg-surface-hover,1.367572,4.429556
dir-b,light,CheckboxInvalid,bg-surface-active,1.348938,3.908181
dir-b,light,CheckboxInvalid,bg-selection,1.396241,5.415443
dir-b,light,CheckboxInvalid,bg-popover,1.418472,6.403848
dir-b,light,SwitchInvalid,bg-bg,1.410654,6.029446
dir-b,light,SwitchInvalid,bg-bg-elevated,1.418472,6.403848
dir-b,light,SwitchInvalid,bg-surface,1.385745,5.027208
dir-b,light,SwitchInvalid,bg-surface-hover,1.367572,4.429556
dir-b,light,SwitchInvalid,bg-surface-active,1.348938,3.908181
dir-b,light,SwitchInvalid,bg-selection,1.396241,5.415443
dir-b,light,SwitchInvalid,bg-popover,1.418472,6.403848
dir-b,light,HudInput,bg-bg,6.029446,6.029446
dir-b,light,HudInput,bg-bg-elevated,6.403848,6.403848
dir-b,light,HudInput,bg-surface,5.027208,5.027208
dir-b,light,HudInput,bg-surface-hover,4.429556,4.429556
dir-b,light,HudInput,bg-surface-active,3.908181,3.908181
dir-b,light,HudInput,bg-selection,5.415443,5.415443
dir-b,light,HudInput,bg-popover,6.403848,6.403848
dir-d,dark,Button,bg-bg,3.784062,12.653878
dir-d,dark,Button,bg-bg-elevated,3.721690,11.687714
dir-d,dark,Button,bg-surface,3.429394,9.685051
dir-d,dark,Button,bg-surface-hover,3.098784,8.077686
dir-d,dark,Button,bg-surface-active,2.712677,6.501380
dir-d,dark,Button,bg-selection,3.638918,10.840698
dir-d,dark,Button,bg-popover,3.721690,11.687714
dir-d,dark,ButtonDestructive,bg-bg,2.466555,12.653878
dir-d,dark,ButtonDestructive,bg-bg-elevated,2.492440,11.687714
dir-d,dark,ButtonDestructive,bg-surface,2.404960,9.685051
dir-d,dark,ButtonDestructive,bg-surface-hover,2.251247,8.077686
dir-d,dark,ButtonDestructive,bg-surface-active,2.055304,6.501380
dir-d,dark,ButtonDestructive,bg-selection,2.480944,10.840698
dir-d,dark,ButtonDestructive,bg-popover,2.492440,11.687714
dir-d,dark,Input,bg-bg,3.784062,12.653878
dir-d,dark,Input,bg-bg-elevated,3.721690,11.687714
dir-d,dark,Input,bg-surface,3.429394,9.685051
dir-d,dark,Input,bg-surface-hover,3.098784,8.077686
dir-d,dark,Input,bg-surface-active,2.712677,6.501380
dir-d,dark,Input,bg-selection,3.638918,10.840698
dir-d,dark,Input,bg-popover,3.721690,11.687714
dir-d,dark,Textarea,bg-bg,3.784062,12.653878
dir-d,dark,Textarea,bg-bg-elevated,3.721690,11.687714
dir-d,dark,Textarea,bg-surface,3.429394,9.685051
dir-d,dark,Textarea,bg-surface-hover,3.098784,8.077686
dir-d,dark,Textarea,bg-surface-active,2.712677,6.501380
dir-d,dark,Textarea,bg-selection,3.638918,10.840698
dir-d,dark,Textarea,bg-popover,3.721690,11.687714
dir-d,dark,Select,bg-bg,3.784062,12.653878
dir-d,dark,Select,bg-bg-elevated,3.721690,11.687714
dir-d,dark,Select,bg-surface,3.429394,9.685051
dir-d,dark,Select,bg-surface-hover,3.098784,8.077686
dir-d,dark,Select,bg-surface-active,2.712677,6.501380
dir-d,dark,Select,bg-selection,3.638918,10.840698
dir-d,dark,Select,bg-popover,3.721690,11.687714
dir-d,dark,Checkbox,bg-bg,3.784062,12.653878
dir-d,dark,Checkbox,bg-bg-elevated,3.721690,11.687714
dir-d,dark,Checkbox,bg-surface,3.429394,9.685051
dir-d,dark,Checkbox,bg-surface-hover,3.098784,8.077686
dir-d,dark,Checkbox,bg-surface-active,2.712677,6.501380
dir-d,dark,Checkbox,bg-selection,3.638918,10.840698
dir-d,dark,Checkbox,bg-popover,3.721690,11.687714
dir-d,dark,Switch,bg-bg,3.784062,12.653878
dir-d,dark,Switch,bg-bg-elevated,3.721690,11.687714
dir-d,dark,Switch,bg-surface,3.429394,9.685051
dir-d,dark,Switch,bg-surface-hover,3.098784,8.077686
dir-d,dark,Switch,bg-surface-active,2.712677,6.501380
dir-d,dark,Switch,bg-selection,3.638918,10.840698
dir-d,dark,Switch,bg-popover,3.721690,11.687714
dir-d,dark,Tabs,bg-bg,11.687714,11.687714
dir-d,dark,Tabs,bg-bg-elevated,11.687714,11.687714
dir-d,dark,Tabs,bg-surface,11.687714,11.687714
dir-d,dark,Tabs,bg-surface-hover,11.687714,11.687714
dir-d,dark,Tabs,bg-surface-active,11.687714,11.687714
dir-d,dark,Tabs,bg-selection,11.687714,11.687714
dir-d,dark,Tabs,bg-popover,11.687714,11.687714
dir-d,dark,Badge,bg-bg,12.653878,12.653878
dir-d,dark,Badge,bg-bg-elevated,11.687714,11.687714
dir-d,dark,Badge,bg-surface,9.685051,9.685051
dir-d,dark,Badge,bg-surface-hover,8.077686,8.077686
dir-d,dark,Badge,bg-surface-active,6.501380,6.501380
dir-d,dark,Badge,bg-selection,10.840698,10.840698
dir-d,dark,Badge,bg-popover,11.687714,11.687714
dir-d,dark,BadgeDestructive,bg-bg,12.653878,12.653878
dir-d,dark,BadgeDestructive,bg-bg-elevated,11.687714,11.687714
dir-d,dark,BadgeDestructive,bg-surface,9.685051,9.685051
dir-d,dark,BadgeDestructive,bg-surface-hover,8.077686,8.077686
dir-d,dark,BadgeDestructive,bg-surface-active,6.501380,6.501380
dir-d,dark,BadgeDestructive,bg-selection,10.840698,10.840698
dir-d,dark,BadgeDestructive,bg-popover,11.687714,11.687714
dir-d,dark,InputGroup,bg-bg,3.784062,12.653878
dir-d,dark,InputGroup,bg-bg-elevated,3.721690,11.687714
dir-d,dark,InputGroup,bg-surface,3.429394,9.685051
dir-d,dark,InputGroup,bg-surface-hover,3.098784,8.077686
dir-d,dark,InputGroup,bg-surface-active,2.712677,6.501380
dir-d,dark,InputGroup,bg-selection,3.638918,10.840698
dir-d,dark,InputGroup,bg-popover,3.721690,11.687714
dir-d,dark,InputGroupInvalid,bg-bg,2.466555,12.653878
dir-d,dark,InputGroupInvalid,bg-bg-elevated,2.492440,11.687714
dir-d,dark,InputGroupInvalid,bg-surface,2.404960,9.685051
dir-d,dark,InputGroupInvalid,bg-surface-hover,2.251247,8.077686
dir-d,dark,InputGroupInvalid,bg-surface-active,2.055304,6.501380
dir-d,dark,InputGroupInvalid,bg-selection,2.480944,10.840698
dir-d,dark,InputGroupInvalid,bg-popover,2.492440,11.687714
dir-d,dark,SelectInvalid,bg-bg,2.466555,12.653878
dir-d,dark,SelectInvalid,bg-bg-elevated,2.492440,11.687714
dir-d,dark,SelectInvalid,bg-surface,2.404960,9.685051
dir-d,dark,SelectInvalid,bg-surface-hover,2.251247,8.077686
dir-d,dark,SelectInvalid,bg-surface-active,2.055304,6.501380
dir-d,dark,SelectInvalid,bg-selection,2.480944,10.840698
dir-d,dark,SelectInvalid,bg-popover,2.492440,11.687714
dir-d,dark,BadgeInvalid,bg-bg,12.653878,12.653878
dir-d,dark,BadgeInvalid,bg-bg-elevated,11.687714,11.687714
dir-d,dark,BadgeInvalid,bg-surface,9.685051,9.685051
dir-d,dark,BadgeInvalid,bg-surface-hover,8.077686,8.077686
dir-d,dark,BadgeInvalid,bg-surface-active,6.501380,6.501380
dir-d,dark,BadgeInvalid,bg-selection,10.840698,10.840698
dir-d,dark,BadgeInvalid,bg-popover,11.687714,11.687714
dir-d,dark,ScrollArea,bg-bg,3.784062,12.653878
dir-d,dark,ScrollArea,bg-bg-elevated,3.721690,11.687714
dir-d,dark,ScrollArea,bg-surface,3.429394,9.685051
dir-d,dark,ScrollArea,bg-surface-hover,3.098784,8.077686
dir-d,dark,ScrollArea,bg-surface-active,2.712677,6.501380
dir-d,dark,ScrollArea,bg-selection,3.638918,10.840698
dir-d,dark,ScrollArea,bg-popover,3.721690,11.687714
dir-d,dark,ThemePicker,bg-bg,12.653878,12.653878
dir-d,dark,ThemePicker,bg-bg-elevated,11.687714,11.687714
dir-d,dark,ThemePicker,bg-surface,9.685051,9.685051
dir-d,dark,ThemePicker,bg-surface-hover,8.077686,8.077686
dir-d,dark,ThemePicker,bg-surface-active,6.501380,6.501380
dir-d,dark,ThemePicker,bg-selection,10.840698,10.840698
dir-d,dark,ThemePicker,bg-popover,11.687714,11.687714
dir-d,dark,Composer,bg-bg,12.653878,12.653878
dir-d,dark,Composer,bg-bg-elevated,11.687714,11.687714
dir-d,dark,Composer,bg-surface,9.685051,9.685051
dir-d,dark,Composer,bg-surface-hover,8.077686,8.077686
dir-d,dark,Composer,bg-surface-active,6.501380,6.501380
dir-d,dark,Composer,bg-selection,10.840698,10.840698
dir-d,dark,Composer,bg-popover,11.687714,11.687714
dir-d,dark,ButtonInvalid,bg-bg,2.466555,12.653878
dir-d,dark,ButtonInvalid,bg-bg-elevated,2.492440,11.687714
dir-d,dark,ButtonInvalid,bg-surface,2.404960,9.685051
dir-d,dark,ButtonInvalid,bg-surface-hover,2.251247,8.077686
dir-d,dark,ButtonInvalid,bg-surface-active,2.055304,6.501380
dir-d,dark,ButtonInvalid,bg-selection,2.480944,10.840698
dir-d,dark,ButtonInvalid,bg-popover,2.492440,11.687714
dir-d,dark,InputInvalid,bg-bg,2.466555,12.653878
dir-d,dark,InputInvalid,bg-bg-elevated,2.492440,11.687714
dir-d,dark,InputInvalid,bg-surface,2.404960,9.685051
dir-d,dark,InputInvalid,bg-surface-hover,2.251247,8.077686
dir-d,dark,InputInvalid,bg-surface-active,2.055304,6.501380
dir-d,dark,InputInvalid,bg-selection,2.480944,10.840698
dir-d,dark,InputInvalid,bg-popover,2.492440,11.687714
dir-d,dark,TextareaInvalid,bg-bg,2.466555,12.653878
dir-d,dark,TextareaInvalid,bg-bg-elevated,2.492440,11.687714
dir-d,dark,TextareaInvalid,bg-surface,2.404960,9.685051
dir-d,dark,TextareaInvalid,bg-surface-hover,2.251247,8.077686
dir-d,dark,TextareaInvalid,bg-surface-active,2.055304,6.501380
dir-d,dark,TextareaInvalid,bg-selection,2.480944,10.840698
dir-d,dark,TextareaInvalid,bg-popover,2.492440,11.687714
dir-d,dark,CheckboxInvalid,bg-bg,1.444617,12.653878
dir-d,dark,CheckboxInvalid,bg-bg-elevated,1.494590,11.687714
dir-d,dark,CheckboxInvalid,bg-surface,1.518083,9.685051
dir-d,dark,CheckboxInvalid,bg-surface-hover,1.488477,8.077686
dir-d,dark,CheckboxInvalid,bg-surface-active,1.432605,6.501380
dir-d,dark,CheckboxInvalid,bg-selection,1.518888,10.840698
dir-d,dark,CheckboxInvalid,bg-popover,1.494590,11.687714
dir-d,dark,SwitchInvalid,bg-bg,2.466555,12.653878
dir-d,dark,SwitchInvalid,bg-bg-elevated,2.492440,11.687714
dir-d,dark,SwitchInvalid,bg-surface,2.404960,9.685051
dir-d,dark,SwitchInvalid,bg-surface-hover,2.251247,8.077686
dir-d,dark,SwitchInvalid,bg-surface-active,2.055304,6.501380
dir-d,dark,SwitchInvalid,bg-selection,2.480944,10.840698
dir-d,dark,SwitchInvalid,bg-popover,2.492440,11.687714
dir-d,dark,HudInput,bg-bg,12.653878,12.653878
dir-d,dark,HudInput,bg-bg-elevated,11.687714,11.687714
dir-d,dark,HudInput,bg-surface,9.685051,9.685051
dir-d,dark,HudInput,bg-surface-hover,8.077686,8.077686
dir-d,dark,HudInput,bg-surface-active,6.501380,6.501380
dir-d,dark,HudInput,bg-selection,10.840698,10.840698
dir-d,dark,HudInput,bg-popover,11.687714,11.687714
dir-d,light,Button,bg-bg,2.291437,5.976234
dir-d,light,Button,bg-bg-elevated,2.382158,6.701618
dir-d,light,Button,bg-surface,2.089922,4.614003
dir-d,light,Button,bg-surface-hover,1.956849,3.883474
dir-d,light,Button,bg-surface-active,1.814456,3.211869
dir-d,light,Button,bg-selection,2.201474,5.321573
dir-d,light,Button,bg-popover,2.382158,6.701618
dir-d,light,ButtonDestructive,bg-bg,1.452506,5.976234
dir-d,light,ButtonDestructive,bg-bg-elevated,1.467350,6.701618
dir-d,light,ButtonDestructive,bg-surface,1.417621,4.614003
dir-d,light,ButtonDestructive,bg-surface-hover,1.392584,3.883474
dir-d,light,ButtonDestructive,bg-surface-active,1.363389,3.211869
dir-d,light,ButtonDestructive,bg-selection,1.438143,5.321573
dir-d,light,ButtonDestructive,bg-popover,1.467350,6.701618
dir-d,light,Input,bg-bg,2.291437,5.976234
dir-d,light,Input,bg-bg-elevated,2.382158,6.701618
dir-d,light,Input,bg-surface,2.089922,4.614003
dir-d,light,Input,bg-surface-hover,1.956849,3.883474
dir-d,light,Input,bg-surface-active,1.814456,3.211869
dir-d,light,Input,bg-selection,2.201474,5.321573
dir-d,light,Input,bg-popover,2.382158,6.701618
dir-d,light,Textarea,bg-bg,2.291437,5.976234
dir-d,light,Textarea,bg-bg-elevated,2.382158,6.701618
dir-d,light,Textarea,bg-surface,2.089922,4.614003
dir-d,light,Textarea,bg-surface-hover,1.956849,3.883474
dir-d,light,Textarea,bg-surface-active,1.814456,3.211869
dir-d,light,Textarea,bg-selection,2.201474,5.321573
dir-d,light,Textarea,bg-popover,2.382158,6.701618
dir-d,light,Select,bg-bg,2.291437,5.976234
dir-d,light,Select,bg-bg-elevated,2.382158,6.701618
dir-d,light,Select,bg-surface,2.089922,4.614003
dir-d,light,Select,bg-surface-hover,1.956849,3.883474
dir-d,light,Select,bg-surface-active,1.814456,3.211869
dir-d,light,Select,bg-selection,2.201474,5.321573
dir-d,light,Select,bg-popover,2.382158,6.701618
dir-d,light,Checkbox,bg-bg,2.291437,5.976234
dir-d,light,Checkbox,bg-bg-elevated,2.382158,6.701618
dir-d,light,Checkbox,bg-surface,2.089922,4.614003
dir-d,light,Checkbox,bg-surface-hover,1.956849,3.883474
dir-d,light,Checkbox,bg-surface-active,1.814456,3.211869
dir-d,light,Checkbox,bg-selection,2.201474,5.321573
dir-d,light,Checkbox,bg-popover,2.382158,6.701618
dir-d,light,Switch,bg-bg,2.291437,5.976234
dir-d,light,Switch,bg-bg-elevated,2.382158,6.701618
dir-d,light,Switch,bg-surface,2.089922,4.614003
dir-d,light,Switch,bg-surface-hover,1.956849,3.883474
dir-d,light,Switch,bg-surface-active,1.814456,3.211869
dir-d,light,Switch,bg-selection,2.201474,5.321573
dir-d,light,Switch,bg-popover,2.382158,6.701618
dir-d,light,Tabs,bg-bg,6.701618,6.701618
dir-d,light,Tabs,bg-bg-elevated,6.701618,6.701618
dir-d,light,Tabs,bg-surface,6.701618,6.701618
dir-d,light,Tabs,bg-surface-hover,6.701618,6.701618
dir-d,light,Tabs,bg-surface-active,6.701618,6.701618
dir-d,light,Tabs,bg-selection,6.701618,6.701618
dir-d,light,Tabs,bg-popover,6.701618,6.701618
dir-d,light,Badge,bg-bg,5.976234,5.976234
dir-d,light,Badge,bg-bg-elevated,6.701618,6.701618
dir-d,light,Badge,bg-surface,4.614003,4.614003
dir-d,light,Badge,bg-surface-hover,3.883474,3.883474
dir-d,light,Badge,bg-surface-active,3.211869,3.211869
dir-d,light,Badge,bg-selection,5.321573,5.321573
dir-d,light,Badge,bg-popover,6.701618,6.701618
dir-d,light,BadgeDestructive,bg-bg,5.976234,5.976234
dir-d,light,BadgeDestructive,bg-bg-elevated,6.701618,6.701618
dir-d,light,BadgeDestructive,bg-surface,4.614003,4.614003
dir-d,light,BadgeDestructive,bg-surface-hover,3.883474,3.883474
dir-d,light,BadgeDestructive,bg-surface-active,3.211869,3.211869
dir-d,light,BadgeDestructive,bg-selection,5.321573,5.321573
dir-d,light,BadgeDestructive,bg-popover,6.701618,6.701618
dir-d,light,InputGroup,bg-bg,2.291437,5.976234
dir-d,light,InputGroup,bg-bg-elevated,2.382158,6.701618
dir-d,light,InputGroup,bg-surface,2.089922,4.614003
dir-d,light,InputGroup,bg-surface-hover,1.956849,3.883474
dir-d,light,InputGroup,bg-surface-active,1.814456,3.211869
dir-d,light,InputGroup,bg-selection,2.201474,5.321573
dir-d,light,InputGroup,bg-popover,2.382158,6.701618
dir-d,light,InputGroupInvalid,bg-bg,1.452506,5.976234
dir-d,light,InputGroupInvalid,bg-bg-elevated,1.467350,6.701618
dir-d,light,InputGroupInvalid,bg-surface,1.417621,4.614003
dir-d,light,InputGroupInvalid,bg-surface-hover,1.392584,3.883474
dir-d,light,InputGroupInvalid,bg-surface-active,1.363389,3.211869
dir-d,light,InputGroupInvalid,bg-selection,1.438143,5.321573
dir-d,light,InputGroupInvalid,bg-popover,1.467350,6.701618
dir-d,light,SelectInvalid,bg-bg,1.452506,5.976234
dir-d,light,SelectInvalid,bg-bg-elevated,1.467350,6.701618
dir-d,light,SelectInvalid,bg-surface,1.417621,4.614003
dir-d,light,SelectInvalid,bg-surface-hover,1.392584,3.883474
dir-d,light,SelectInvalid,bg-surface-active,1.363389,3.211869
dir-d,light,SelectInvalid,bg-selection,1.438143,5.321573
dir-d,light,SelectInvalid,bg-popover,1.467350,6.701618
dir-d,light,BadgeInvalid,bg-bg,5.976234,5.976234
dir-d,light,BadgeInvalid,bg-bg-elevated,6.701618,6.701618
dir-d,light,BadgeInvalid,bg-surface,4.614003,4.614003
dir-d,light,BadgeInvalid,bg-surface-hover,3.883474,3.883474
dir-d,light,BadgeInvalid,bg-surface-active,3.211869,3.211869
dir-d,light,BadgeInvalid,bg-selection,5.321573,5.321573
dir-d,light,BadgeInvalid,bg-popover,6.701618,6.701618
dir-d,light,ScrollArea,bg-bg,2.291437,5.976234
dir-d,light,ScrollArea,bg-bg-elevated,2.382158,6.701618
dir-d,light,ScrollArea,bg-surface,2.089922,4.614003
dir-d,light,ScrollArea,bg-surface-hover,1.956849,3.883474
dir-d,light,ScrollArea,bg-surface-active,1.814456,3.211869
dir-d,light,ScrollArea,bg-selection,2.201474,5.321573
dir-d,light,ScrollArea,bg-popover,2.382158,6.701618
dir-d,light,ThemePicker,bg-bg,5.976234,5.976234
dir-d,light,ThemePicker,bg-bg-elevated,6.701618,6.701618
dir-d,light,ThemePicker,bg-surface,4.614003,4.614003
dir-d,light,ThemePicker,bg-surface-hover,3.883474,3.883474
dir-d,light,ThemePicker,bg-surface-active,3.211869,3.211869
dir-d,light,ThemePicker,bg-selection,5.321573,5.321573
dir-d,light,ThemePicker,bg-popover,6.701618,6.701618
dir-d,light,Composer,bg-bg,5.976234,5.976234
dir-d,light,Composer,bg-bg-elevated,6.701618,6.701618
dir-d,light,Composer,bg-surface,4.614003,4.614003
dir-d,light,Composer,bg-surface-hover,3.883474,3.883474
dir-d,light,Composer,bg-surface-active,3.211869,3.211869
dir-d,light,Composer,bg-selection,5.321573,5.321573
dir-d,light,Composer,bg-popover,6.701618,6.701618
dir-d,light,ButtonInvalid,bg-bg,1.452506,5.976234
dir-d,light,ButtonInvalid,bg-bg-elevated,1.467350,6.701618
dir-d,light,ButtonInvalid,bg-surface,1.417621,4.614003
dir-d,light,ButtonInvalid,bg-surface-hover,1.392584,3.883474
dir-d,light,ButtonInvalid,bg-surface-active,1.363389,3.211869
dir-d,light,ButtonInvalid,bg-selection,1.438143,5.321573
dir-d,light,ButtonInvalid,bg-popover,1.467350,6.701618
dir-d,light,InputInvalid,bg-bg,1.452506,5.976234
dir-d,light,InputInvalid,bg-bg-elevated,1.467350,6.701618
dir-d,light,InputInvalid,bg-surface,1.417621,4.614003
dir-d,light,InputInvalid,bg-surface-hover,1.392584,3.883474
dir-d,light,InputInvalid,bg-surface-active,1.363389,3.211869
dir-d,light,InputInvalid,bg-selection,1.438143,5.321573
dir-d,light,InputInvalid,bg-popover,1.467350,6.701618
dir-d,light,TextareaInvalid,bg-bg,1.452506,5.976234
dir-d,light,TextareaInvalid,bg-bg-elevated,1.467350,6.701618
dir-d,light,TextareaInvalid,bg-surface,1.417621,4.614003
dir-d,light,TextareaInvalid,bg-surface-hover,1.392584,3.883474
dir-d,light,TextareaInvalid,bg-surface-active,1.363389,3.211869
dir-d,light,TextareaInvalid,bg-selection,1.438143,5.321573
dir-d,light,TextareaInvalid,bg-popover,1.467350,6.701618
dir-d,light,CheckboxInvalid,bg-bg,1.452506,5.976234
dir-d,light,CheckboxInvalid,bg-bg-elevated,1.467350,6.701618
dir-d,light,CheckboxInvalid,bg-surface,1.417621,4.614003
dir-d,light,CheckboxInvalid,bg-surface-hover,1.392584,3.883474
dir-d,light,CheckboxInvalid,bg-surface-active,1.363389,3.211869
dir-d,light,CheckboxInvalid,bg-selection,1.438143,5.321573
dir-d,light,CheckboxInvalid,bg-popover,1.467350,6.701618
dir-d,light,SwitchInvalid,bg-bg,1.452506,5.976234
dir-d,light,SwitchInvalid,bg-bg-elevated,1.467350,6.701618
dir-d,light,SwitchInvalid,bg-surface,1.417621,4.614003
dir-d,light,SwitchInvalid,bg-surface-hover,1.392584,3.883474
dir-d,light,SwitchInvalid,bg-surface-active,1.363389,3.211869
dir-d,light,SwitchInvalid,bg-selection,1.438143,5.321573
dir-d,light,SwitchInvalid,bg-popover,1.467350,6.701618
dir-d,light,HudInput,bg-bg,5.976234,5.976234
dir-d,light,HudInput,bg-bg-elevated,6.701618,6.701618
dir-d,light,HudInput,bg-surface,4.614003,4.614003
dir-d,light,HudInput,bg-surface-hover,3.883474,3.883474
dir-d,light,HudInput,bg-surface-active,3.211869,3.211869
dir-d,light,HudInput,bg-selection,5.321573,5.321573
dir-d,light,HudInput,bg-popover,6.701618,6.701618
dir-e,dark,Button,bg-bg,3.689405,12.364738
dir-e,dark,Button,bg-bg-elevated,3.701356,11.792981
dir-e,dark,Button,bg-surface,3.467359,9.624530
dir-e,dark,Button,bg-surface-hover,3.218957,8.281785
dir-e,dark,Button,bg-surface-active,2.926410,6.956145
dir-e,dark,Button,bg-selection,3.673344,10.980297
dir-e,dark,Button,bg-popover,3.701356,11.792981
dir-e,dark,ButtonDestructive,bg-bg,2.335792,12.364738
dir-e,dark,ButtonDestructive,bg-bg-elevated,2.364734,11.792981
dir-e,dark,ButtonDestructive,bg-surface,2.298686,9.624530
dir-e,dark,ButtonDestructive,bg-surface-hover,2.178585,8.281785
dir-e,dark,ButtonDestructive,bg-surface-active,2.023875,6.956145
dir-e,dark,ButtonDestructive,bg-selection,2.340485,10.980297
dir-e,dark,ButtonDestructive,bg-popover,2.364734,11.792981
dir-e,dark,Input,bg-bg,3.689405,12.364738
dir-e,dark,Input,bg-bg-elevated,3.701356,11.792981
dir-e,dark,Input,bg-surface,3.467359,9.624530
dir-e,dark,Input,bg-surface-hover,3.218957,8.281785
dir-e,dark,Input,bg-surface-active,2.926410,6.956145
dir-e,dark,Input,bg-selection,3.673344,10.980297
dir-e,dark,Input,bg-popover,3.701356,11.792981
dir-e,dark,Textarea,bg-bg,3.689405,12.364738
dir-e,dark,Textarea,bg-bg-elevated,3.701356,11.792981
dir-e,dark,Textarea,bg-surface,3.467359,9.624530
dir-e,dark,Textarea,bg-surface-hover,3.218957,8.281785
dir-e,dark,Textarea,bg-surface-active,2.926410,6.956145
dir-e,dark,Textarea,bg-selection,3.673344,10.980297
dir-e,dark,Textarea,bg-popover,3.701356,11.792981
dir-e,dark,Select,bg-bg,3.689405,12.364738
dir-e,dark,Select,bg-bg-elevated,3.701356,11.792981
dir-e,dark,Select,bg-surface,3.467359,9.624530
dir-e,dark,Select,bg-surface-hover,3.218957,8.281785
dir-e,dark,Select,bg-surface-active,2.926410,6.956145
dir-e,dark,Select,bg-selection,3.673344,10.980297
dir-e,dark,Select,bg-popover,3.701356,11.792981
dir-e,dark,Checkbox,bg-bg,3.689405,12.364738
dir-e,dark,Checkbox,bg-bg-elevated,3.701356,11.792981
dir-e,dark,Checkbox,bg-surface,3.467359,9.624530
dir-e,dark,Checkbox,bg-surface-hover,3.218957,8.281785
dir-e,dark,Checkbox,bg-surface-active,2.926410,6.956145
dir-e,dark,Checkbox,bg-selection,3.673344,10.980297
dir-e,dark,Checkbox,bg-popover,3.701356,11.792981
dir-e,dark,Switch,bg-bg,3.689405,12.364738
dir-e,dark,Switch,bg-bg-elevated,3.701356,11.792981
dir-e,dark,Switch,bg-surface,3.467359,9.624530
dir-e,dark,Switch,bg-surface-hover,3.218957,8.281785
dir-e,dark,Switch,bg-surface-active,2.926410,6.956145
dir-e,dark,Switch,bg-selection,3.673344,10.980297
dir-e,dark,Switch,bg-popover,3.701356,11.792981
dir-e,dark,Tabs,bg-bg,11.792981,11.792981
dir-e,dark,Tabs,bg-bg-elevated,11.792981,11.792981
dir-e,dark,Tabs,bg-surface,11.792981,11.792981
dir-e,dark,Tabs,bg-surface-hover,11.792981,11.792981
dir-e,dark,Tabs,bg-surface-active,11.792981,11.792981
dir-e,dark,Tabs,bg-selection,11.792981,11.792981
dir-e,dark,Tabs,bg-popover,11.792981,11.792981
dir-e,dark,Badge,bg-bg,12.364738,12.364738
dir-e,dark,Badge,bg-bg-elevated,11.792981,11.792981
dir-e,dark,Badge,bg-surface,9.624530,9.624530
dir-e,dark,Badge,bg-surface-hover,8.281785,8.281785
dir-e,dark,Badge,bg-surface-active,6.956145,6.956145
dir-e,dark,Badge,bg-selection,10.980297,10.980297
dir-e,dark,Badge,bg-popover,11.792981,11.792981
dir-e,dark,BadgeDestructive,bg-bg,12.364738,12.364738
dir-e,dark,BadgeDestructive,bg-bg-elevated,11.792981,11.792981
dir-e,dark,BadgeDestructive,bg-surface,9.624530,9.624530
dir-e,dark,BadgeDestructive,bg-surface-hover,8.281785,8.281785
dir-e,dark,BadgeDestructive,bg-surface-active,6.956145,6.956145
dir-e,dark,BadgeDestructive,bg-selection,10.980297,10.980297
dir-e,dark,BadgeDestructive,bg-popover,11.792981,11.792981
dir-e,dark,InputGroup,bg-bg,3.689405,12.364738
dir-e,dark,InputGroup,bg-bg-elevated,3.701356,11.792981
dir-e,dark,InputGroup,bg-surface,3.467359,9.624530
dir-e,dark,InputGroup,bg-surface-hover,3.218957,8.281785
dir-e,dark,InputGroup,bg-surface-active,2.926410,6.956145
dir-e,dark,InputGroup,bg-selection,3.673344,10.980297
dir-e,dark,InputGroup,bg-popover,3.701356,11.792981
dir-e,dark,InputGroupInvalid,bg-bg,2.335792,12.364738
dir-e,dark,InputGroupInvalid,bg-bg-elevated,2.364734,11.792981
dir-e,dark,InputGroupInvalid,bg-surface,2.298686,9.624530
dir-e,dark,InputGroupInvalid,bg-surface-hover,2.178585,8.281785
dir-e,dark,InputGroupInvalid,bg-surface-active,2.023875,6.956145
dir-e,dark,InputGroupInvalid,bg-selection,2.340485,10.980297
dir-e,dark,InputGroupInvalid,bg-popover,2.364734,11.792981
dir-e,dark,SelectInvalid,bg-bg,2.335792,12.364738
dir-e,dark,SelectInvalid,bg-bg-elevated,2.364734,11.792981
dir-e,dark,SelectInvalid,bg-surface,2.298686,9.624530
dir-e,dark,SelectInvalid,bg-surface-hover,2.178585,8.281785
dir-e,dark,SelectInvalid,bg-surface-active,2.023875,6.956145
dir-e,dark,SelectInvalid,bg-selection,2.340485,10.980297
dir-e,dark,SelectInvalid,bg-popover,2.364734,11.792981
dir-e,dark,BadgeInvalid,bg-bg,12.364738,12.364738
dir-e,dark,BadgeInvalid,bg-bg-elevated,11.792981,11.792981
dir-e,dark,BadgeInvalid,bg-surface,9.624530,9.624530
dir-e,dark,BadgeInvalid,bg-surface-hover,8.281785,8.281785
dir-e,dark,BadgeInvalid,bg-surface-active,6.956145,6.956145
dir-e,dark,BadgeInvalid,bg-selection,10.980297,10.980297
dir-e,dark,BadgeInvalid,bg-popover,11.792981,11.792981
dir-e,dark,ScrollArea,bg-bg,3.689405,12.364738
dir-e,dark,ScrollArea,bg-bg-elevated,3.701356,11.792981
dir-e,dark,ScrollArea,bg-surface,3.467359,9.624530
dir-e,dark,ScrollArea,bg-surface-hover,3.218957,8.281785
dir-e,dark,ScrollArea,bg-surface-active,2.926410,6.956145
dir-e,dark,ScrollArea,bg-selection,3.673344,10.980297
dir-e,dark,ScrollArea,bg-popover,3.701356,11.792981
dir-e,dark,ThemePicker,bg-bg,12.364738,12.364738
dir-e,dark,ThemePicker,bg-bg-elevated,11.792981,11.792981
dir-e,dark,ThemePicker,bg-surface,9.624530,9.624530
dir-e,dark,ThemePicker,bg-surface-hover,8.281785,8.281785
dir-e,dark,ThemePicker,bg-surface-active,6.956145,6.956145
dir-e,dark,ThemePicker,bg-selection,10.980297,10.980297
dir-e,dark,ThemePicker,bg-popover,11.792981,11.792981
dir-e,dark,Composer,bg-bg,12.364738,12.364738
dir-e,dark,Composer,bg-bg-elevated,11.792981,11.792981
dir-e,dark,Composer,bg-surface,9.624530,9.624530
dir-e,dark,Composer,bg-surface-hover,8.281785,8.281785
dir-e,dark,Composer,bg-surface-active,6.956145,6.956145
dir-e,dark,Composer,bg-selection,10.980297,10.980297
dir-e,dark,Composer,bg-popover,11.792981,11.792981
dir-e,dark,ButtonInvalid,bg-bg,2.335792,12.364738
dir-e,dark,ButtonInvalid,bg-bg-elevated,2.364734,11.792981
dir-e,dark,ButtonInvalid,bg-surface,2.298686,9.624530
dir-e,dark,ButtonInvalid,bg-surface-hover,2.178585,8.281785
dir-e,dark,ButtonInvalid,bg-surface-active,2.023875,6.956145
dir-e,dark,ButtonInvalid,bg-selection,2.340485,10.980297
dir-e,dark,ButtonInvalid,bg-popover,2.364734,11.792981
dir-e,dark,InputInvalid,bg-bg,2.335792,12.364738
dir-e,dark,InputInvalid,bg-bg-elevated,2.364734,11.792981
dir-e,dark,InputInvalid,bg-surface,2.298686,9.624530
dir-e,dark,InputInvalid,bg-surface-hover,2.178585,8.281785
dir-e,dark,InputInvalid,bg-surface-active,2.023875,6.956145
dir-e,dark,InputInvalid,bg-selection,2.340485,10.980297
dir-e,dark,InputInvalid,bg-popover,2.364734,11.792981
dir-e,dark,TextareaInvalid,bg-bg,2.335792,12.364738
dir-e,dark,TextareaInvalid,bg-bg-elevated,2.364734,11.792981
dir-e,dark,TextareaInvalid,bg-surface,2.298686,9.624530
dir-e,dark,TextareaInvalid,bg-surface-hover,2.178585,8.281785
dir-e,dark,TextareaInvalid,bg-surface-active,2.023875,6.956145
dir-e,dark,TextareaInvalid,bg-selection,2.340485,10.980297
dir-e,dark,TextareaInvalid,bg-popover,2.364734,11.792981
dir-e,dark,CheckboxInvalid,bg-bg,1.401471,12.364738
dir-e,dark,CheckboxInvalid,bg-bg-elevated,1.438156,11.792981
dir-e,dark,CheckboxInvalid,bg-surface,1.477896,9.624530
dir-e,dark,CheckboxInvalid,bg-surface-hover,1.456068,8.281785
dir-e,dark,CheckboxInvalid,bg-surface-active,1.412736,6.956145
dir-e,dark,CheckboxInvalid,bg-selection,1.454330,10.980297
dir-e,dark,CheckboxInvalid,bg-popover,1.438156,11.792981
dir-e,dark,SwitchInvalid,bg-bg,2.335792,12.364738
dir-e,dark,SwitchInvalid,bg-bg-elevated,2.364734,11.792981
dir-e,dark,SwitchInvalid,bg-surface,2.298686,9.624530
dir-e,dark,SwitchInvalid,bg-surface-hover,2.178585,8.281785
dir-e,dark,SwitchInvalid,bg-surface-active,2.023875,6.956145
dir-e,dark,SwitchInvalid,bg-selection,2.340485,10.980297
dir-e,dark,SwitchInvalid,bg-popover,2.364734,11.792981
dir-e,dark,HudInput,bg-bg,12.364738,12.364738
dir-e,dark,HudInput,bg-bg-elevated,11.792981,11.792981
dir-e,dark,HudInput,bg-surface,9.624530,9.624530
dir-e,dark,HudInput,bg-surface-hover,8.281785,8.281785
dir-e,dark,HudInput,bg-surface-active,6.956145,6.956145
dir-e,dark,HudInput,bg-selection,10.980297,10.980297
dir-e,dark,HudInput,bg-popover,11.792981,11.792981
dir-e,light,Button,bg-bg,2.143466,5.958421
dir-e,light,Button,bg-bg-elevated,2.194305,6.387919
dir-e,light,Button,bg-surface,1.976768,4.717360
dir-e,light,Button,bg-surface-hover,1.848600,3.940286
dir-e,light,Button,bg-surface-active,1.714735,3.251435
dir-e,light,Button,bg-selection,2.058204,5.323125
dir-e,light,Button,bg-popover,2.194305,6.387919
dir-e,light,ButtonDestructive,bg-bg,1.427962,5.958421
dir-e,light,ButtonDestructive,bg-bg-elevated,1.436596,6.387919
dir-e,light,ButtonDestructive,bg-surface,1.397004,4.717360
dir-e,light,ButtonDestructive,bg-surface-hover,1.371173,3.940286
dir-e,light,ButtonDestructive,bg-surface-active,1.341497,3.251435
dir-e,light,ButtonDestructive,bg-selection,1.414034,5.323125
dir-e,light,ButtonDestructive,bg-popover,1.436596,6.387919
dir-e,light,Input,bg-bg,2.143466,5.958421
dir-e,light,Input,bg-bg-elevated,2.194305,6.387919
dir-e,light,Input,bg-surface,1.976768,4.717360
dir-e,light,Input,bg-surface-hover,1.848600,3.940286
dir-e,light,Input,bg-surface-active,1.714735,3.251435
dir-e,light,Input,bg-selection,2.058204,5.323125
dir-e,light,Input,bg-popover,2.194305,6.387919
dir-e,light,Textarea,bg-bg,2.143466,5.958421
dir-e,light,Textarea,bg-bg-elevated,2.194305,6.387919
dir-e,light,Textarea,bg-surface,1.976768,4.717360
dir-e,light,Textarea,bg-surface-hover,1.848600,3.940286
dir-e,light,Textarea,bg-surface-active,1.714735,3.251435
dir-e,light,Textarea,bg-selection,2.058204,5.323125
dir-e,light,Textarea,bg-popover,2.194305,6.387919
dir-e,light,Select,bg-bg,2.143466,5.958421
dir-e,light,Select,bg-bg-elevated,2.194305,6.387919
dir-e,light,Select,bg-surface,1.976768,4.717360
dir-e,light,Select,bg-surface-hover,1.848600,3.940286
dir-e,light,Select,bg-surface-active,1.714735,3.251435
dir-e,light,Select,bg-selection,2.058204,5.323125
dir-e,light,Select,bg-popover,2.194305,6.387919
dir-e,light,Checkbox,bg-bg,2.143466,5.958421
dir-e,light,Checkbox,bg-bg-elevated,2.194305,6.387919
dir-e,light,Checkbox,bg-surface,1.976768,4.717360
dir-e,light,Checkbox,bg-surface-hover,1.848600,3.940286
dir-e,light,Checkbox,bg-surface-active,1.714735,3.251435
dir-e,light,Checkbox,bg-selection,2.058204,5.323125
dir-e,light,Checkbox,bg-popover,2.194305,6.387919
dir-e,light,Switch,bg-bg,2.143466,5.958421
dir-e,light,Switch,bg-bg-elevated,2.194305,6.387919
dir-e,light,Switch,bg-surface,1.976768,4.717360
dir-e,light,Switch,bg-surface-hover,1.848600,3.940286
dir-e,light,Switch,bg-surface-active,1.714735,3.251435
dir-e,light,Switch,bg-selection,2.058204,5.323125
dir-e,light,Switch,bg-popover,2.194305,6.387919
dir-e,light,Tabs,bg-bg,5.523396,6.387919
dir-e,light,Tabs,bg-bg-elevated,5.523396,6.387919
dir-e,light,Tabs,bg-surface,5.523396,6.387919
dir-e,light,Tabs,bg-surface-hover,5.523396,6.387919
dir-e,light,Tabs,bg-surface-active,5.523396,6.387919
dir-e,light,Tabs,bg-selection,5.523396,6.387919
dir-e,light,Tabs,bg-popover,5.523396,6.387919
dir-e,light,Badge,bg-bg,5.152025,5.958421
dir-e,light,Badge,bg-bg-elevated,5.523396,6.387919
dir-e,light,Badge,bg-surface,4.078926,4.717360
dir-e,light,Badge,bg-surface-hover,3.407019,3.940286
dir-e,light,Badge,bg-surface-active,2.811395,3.251435
dir-e,light,Badge,bg-selection,4.602708,5.323125
dir-e,light,Badge,bg-popover,5.523396,6.387919
dir-e,light,BadgeDestructive,bg-bg,5.152025,5.958421
dir-e,light,BadgeDestructive,bg-bg-elevated,5.523396,6.387919
dir-e,light,BadgeDestructive,bg-surface,4.078926,4.717360
dir-e,light,BadgeDestructive,bg-surface-hover,3.407019,3.940286
dir-e,light,BadgeDestructive,bg-surface-active,2.811395,3.251435
dir-e,light,BadgeDestructive,bg-selection,4.602708,5.323125
dir-e,light,BadgeDestructive,bg-popover,5.523396,6.387919
dir-e,light,InputGroup,bg-bg,2.143466,5.958421
dir-e,light,InputGroup,bg-bg-elevated,2.194305,6.387919
dir-e,light,InputGroup,bg-surface,1.976768,4.717360
dir-e,light,InputGroup,bg-surface-hover,1.848600,3.940286
dir-e,light,InputGroup,bg-surface-active,1.714735,3.251435
dir-e,light,InputGroup,bg-selection,2.058204,5.323125
dir-e,light,InputGroup,bg-popover,2.194305,6.387919
dir-e,light,InputGroupInvalid,bg-bg,1.427962,5.958421
dir-e,light,InputGroupInvalid,bg-bg-elevated,1.436596,6.387919
dir-e,light,InputGroupInvalid,bg-surface,1.397004,4.717360
dir-e,light,InputGroupInvalid,bg-surface-hover,1.371173,3.940286
dir-e,light,InputGroupInvalid,bg-surface-active,1.341497,3.251435
dir-e,light,InputGroupInvalid,bg-selection,1.414034,5.323125
dir-e,light,InputGroupInvalid,bg-popover,1.436596,6.387919
dir-e,light,SelectInvalid,bg-bg,1.427962,5.958421
dir-e,light,SelectInvalid,bg-bg-elevated,1.436596,6.387919
dir-e,light,SelectInvalid,bg-surface,1.397004,4.717360
dir-e,light,SelectInvalid,bg-surface-hover,1.371173,3.940286
dir-e,light,SelectInvalid,bg-surface-active,1.341497,3.251435
dir-e,light,SelectInvalid,bg-selection,1.414034,5.323125
dir-e,light,SelectInvalid,bg-popover,1.436596,6.387919
dir-e,light,BadgeInvalid,bg-bg,5.152025,5.958421
dir-e,light,BadgeInvalid,bg-bg-elevated,5.523396,6.387919
dir-e,light,BadgeInvalid,bg-surface,4.078926,4.717360
dir-e,light,BadgeInvalid,bg-surface-hover,3.407019,3.940286
dir-e,light,BadgeInvalid,bg-surface-active,2.811395,3.251435
dir-e,light,BadgeInvalid,bg-selection,4.602708,5.323125
dir-e,light,BadgeInvalid,bg-popover,5.523396,6.387919
dir-e,light,ScrollArea,bg-bg,2.143466,5.958421
dir-e,light,ScrollArea,bg-bg-elevated,2.194305,6.387919
dir-e,light,ScrollArea,bg-surface,1.976768,4.717360
dir-e,light,ScrollArea,bg-surface-hover,1.848600,3.940286
dir-e,light,ScrollArea,bg-surface-active,1.714735,3.251435
dir-e,light,ScrollArea,bg-selection,2.058204,5.323125
dir-e,light,ScrollArea,bg-popover,2.194305,6.387919
dir-e,light,ThemePicker,bg-bg,5.152025,5.958421
dir-e,light,ThemePicker,bg-bg-elevated,5.523396,6.387919
dir-e,light,ThemePicker,bg-surface,4.078926,4.717360
dir-e,light,ThemePicker,bg-surface-hover,3.407019,3.940286
dir-e,light,ThemePicker,bg-surface-active,2.811395,3.251435
dir-e,light,ThemePicker,bg-selection,4.602708,5.323125
dir-e,light,ThemePicker,bg-popover,5.523396,6.387919
dir-e,light,Composer,bg-bg,5.152025,5.958421
dir-e,light,Composer,bg-bg-elevated,5.523396,6.387919
dir-e,light,Composer,bg-surface,4.078926,4.717360
dir-e,light,Composer,bg-surface-hover,3.407019,3.940286
dir-e,light,Composer,bg-surface-active,2.811395,3.251435
dir-e,light,Composer,bg-selection,4.602708,5.323125
dir-e,light,Composer,bg-popover,5.523396,6.387919
dir-e,light,ButtonInvalid,bg-bg,1.427962,5.958421
dir-e,light,ButtonInvalid,bg-bg-elevated,1.436596,6.387919
dir-e,light,ButtonInvalid,bg-surface,1.397004,4.717360
dir-e,light,ButtonInvalid,bg-surface-hover,1.371173,3.940286
dir-e,light,ButtonInvalid,bg-surface-active,1.341497,3.251435
dir-e,light,ButtonInvalid,bg-selection,1.414034,5.323125
dir-e,light,ButtonInvalid,bg-popover,1.436596,6.387919
dir-e,light,InputInvalid,bg-bg,1.427962,5.958421
dir-e,light,InputInvalid,bg-bg-elevated,1.436596,6.387919
dir-e,light,InputInvalid,bg-surface,1.397004,4.717360
dir-e,light,InputInvalid,bg-surface-hover,1.371173,3.940286
dir-e,light,InputInvalid,bg-surface-active,1.341497,3.251435
dir-e,light,InputInvalid,bg-selection,1.414034,5.323125
dir-e,light,InputInvalid,bg-popover,1.436596,6.387919
dir-e,light,TextareaInvalid,bg-bg,1.427962,5.958421
dir-e,light,TextareaInvalid,bg-bg-elevated,1.436596,6.387919
dir-e,light,TextareaInvalid,bg-surface,1.397004,4.717360
dir-e,light,TextareaInvalid,bg-surface-hover,1.371173,3.940286
dir-e,light,TextareaInvalid,bg-surface-active,1.341497,3.251435
dir-e,light,TextareaInvalid,bg-selection,1.414034,5.323125
dir-e,light,TextareaInvalid,bg-popover,1.436596,6.387919
dir-e,light,CheckboxInvalid,bg-bg,1.427962,5.958421
dir-e,light,CheckboxInvalid,bg-bg-elevated,1.436596,6.387919
dir-e,light,CheckboxInvalid,bg-surface,1.397004,4.717360
dir-e,light,CheckboxInvalid,bg-surface-hover,1.371173,3.940286
dir-e,light,CheckboxInvalid,bg-surface-active,1.341497,3.251435
dir-e,light,CheckboxInvalid,bg-selection,1.414034,5.323125
dir-e,light,CheckboxInvalid,bg-popover,1.436596,6.387919
dir-e,light,SwitchInvalid,bg-bg,1.427962,5.958421
dir-e,light,SwitchInvalid,bg-bg-elevated,1.436596,6.387919
dir-e,light,SwitchInvalid,bg-surface,1.397004,4.717360
dir-e,light,SwitchInvalid,bg-surface-hover,1.371173,3.940286
dir-e,light,SwitchInvalid,bg-surface-active,1.341497,3.251435
dir-e,light,SwitchInvalid,bg-selection,1.414034,5.323125
dir-e,light,SwitchInvalid,bg-popover,1.436596,6.387919
dir-e,light,HudInput,bg-bg,5.152025,5.958421
dir-e,light,HudInput,bg-bg-elevated,5.523396,6.387919
dir-e,light,HudInput,bg-surface,4.078926,4.717360
dir-e,light,HudInput,bg-surface-hover,3.407019,3.940286
dir-e,light,HudInput,bg-surface-active,2.811395,3.251435
dir-e,light,HudInput,bg-selection,4.602708,5.323125
dir-e,light,HudInput,bg-popover,5.523396,6.387919
dir-f,dark,Button,bg-bg,5.371188,19.561630
dir-f,dark,Button,bg-bg-elevated,5.308364,18.096212
dir-f,dark,Button,bg-surface,4.984135,15.522910
dir-f,dark,Button,bg-surface-hover,4.643805,13.579771
dir-f,dark,Button,bg-surface-active,4.265243,11.725786
dir-f,dark,Button,bg-selection,5.124291,16.471858
dir-f,dark,Button,bg-popover,5.308364,18.096212
dir-f,dark,ButtonDestructive,bg-bg,2.360445,19.561630
dir-f,dark,ButtonDestructive,bg-bg-elevated,2.397251,18.096212
dir-f,dark,ButtonDestructive,bg-surface,2.340609,15.522910
dir-f,dark,ButtonDestructive,bg-surface-hover,2.243012,13.579771
dir-f,dark,ButtonDestructive,bg-surface-active,2.118625,11.725786
dir-f,dark,ButtonDestructive,bg-selection,2.373263,16.471858
dir-f,dark,ButtonDestructive,bg-popover,2.397251,18.096212
dir-f,dark,Input,bg-bg,5.371188,19.561630
dir-f,dark,Input,bg-bg-elevated,5.308364,18.096212
dir-f,dark,Input,bg-surface,4.984135,15.522910
dir-f,dark,Input,bg-surface-hover,4.643805,13.579771
dir-f,dark,Input,bg-surface-active,4.265243,11.725786
dir-f,dark,Input,bg-selection,5.124291,16.471858
dir-f,dark,Input,bg-popover,5.308364,18.096212
dir-f,dark,Textarea,bg-bg,5.371188,19.561630
dir-f,dark,Textarea,bg-bg-elevated,5.308364,18.096212
dir-f,dark,Textarea,bg-surface,4.984135,15.522910
dir-f,dark,Textarea,bg-surface-hover,4.643805,13.579771
dir-f,dark,Textarea,bg-surface-active,4.265243,11.725786
dir-f,dark,Textarea,bg-selection,5.124291,16.471858
dir-f,dark,Textarea,bg-popover,5.308364,18.096212
dir-f,dark,Select,bg-bg,5.371188,19.561630
dir-f,dark,Select,bg-bg-elevated,5.308364,18.096212
dir-f,dark,Select,bg-surface,4.984135,15.522910
dir-f,dark,Select,bg-surface-hover,4.643805,13.579771
dir-f,dark,Select,bg-surface-active,4.265243,11.725786
dir-f,dark,Select,bg-selection,5.124291,16.471858
dir-f,dark,Select,bg-popover,5.308364,18.096212
dir-f,dark,Checkbox,bg-bg,5.371188,19.561630
dir-f,dark,Checkbox,bg-bg-elevated,5.308364,18.096212
dir-f,dark,Checkbox,bg-surface,4.984135,15.522910
dir-f,dark,Checkbox,bg-surface-hover,4.643805,13.579771
dir-f,dark,Checkbox,bg-surface-active,4.265243,11.725786
dir-f,dark,Checkbox,bg-selection,5.124291,16.471858
dir-f,dark,Checkbox,bg-popover,5.308364,18.096212
dir-f,dark,Switch,bg-bg,5.371188,19.561630
dir-f,dark,Switch,bg-bg-elevated,5.308364,18.096212
dir-f,dark,Switch,bg-surface,4.984135,15.522910
dir-f,dark,Switch,bg-surface-hover,4.643805,13.579771
dir-f,dark,Switch,bg-surface-active,4.265243,11.725786
dir-f,dark,Switch,bg-selection,5.124291,16.471858
dir-f,dark,Switch,bg-popover,5.308364,18.096212
dir-f,dark,Tabs,bg-bg,18.096212,18.096212
dir-f,dark,Tabs,bg-bg-elevated,18.096212,18.096212
dir-f,dark,Tabs,bg-surface,18.096212,18.096212
dir-f,dark,Tabs,bg-surface-hover,18.096212,18.096212
dir-f,dark,Tabs,bg-surface-active,18.096212,18.096212
dir-f,dark,Tabs,bg-selection,18.096212,18.096212
dir-f,dark,Tabs,bg-popover,18.096212,18.096212
dir-f,dark,Badge,bg-bg,19.561630,19.561630
dir-f,dark,Badge,bg-bg-elevated,18.096212,18.096212
dir-f,dark,Badge,bg-surface,15.522910,15.522910
dir-f,dark,Badge,bg-surface-hover,13.579771,13.579771
dir-f,dark,Badge,bg-surface-active,11.725786,11.725786
dir-f,dark,Badge,bg-selection,16.471858,16.471858
dir-f,dark,Badge,bg-popover,18.096212,18.096212
dir-f,dark,BadgeDestructive,bg-bg,19.561630,19.561630
dir-f,dark,BadgeDestructive,bg-bg-elevated,18.096212,18.096212
dir-f,dark,BadgeDestructive,bg-surface,15.522910,15.522910
dir-f,dark,BadgeDestructive,bg-surface-hover,13.579771,13.579771
dir-f,dark,BadgeDestructive,bg-surface-active,11.725786,11.725786
dir-f,dark,BadgeDestructive,bg-selection,16.471858,16.471858
dir-f,dark,BadgeDestructive,bg-popover,18.096212,18.096212
dir-f,dark,InputGroup,bg-bg,5.371188,19.561630
dir-f,dark,InputGroup,bg-bg-elevated,5.308364,18.096212
dir-f,dark,InputGroup,bg-surface,4.984135,15.522910
dir-f,dark,InputGroup,bg-surface-hover,4.643805,13.579771
dir-f,dark,InputGroup,bg-surface-active,4.265243,11.725786
dir-f,dark,InputGroup,bg-selection,5.124291,16.471858
dir-f,dark,InputGroup,bg-popover,5.308364,18.096212
dir-f,dark,InputGroupInvalid,bg-bg,2.360445,19.561630
dir-f,dark,InputGroupInvalid,bg-bg-elevated,2.397251,18.096212
dir-f,dark,InputGroupInvalid,bg-surface,2.340609,15.522910
dir-f,dark,InputGroupInvalid,bg-surface-hover,2.243012,13.579771
dir-f,dark,InputGroupInvalid,bg-surface-active,2.118625,11.725786
dir-f,dark,InputGroupInvalid,bg-selection,2.373263,16.471858
dir-f,dark,InputGroupInvalid,bg-popover,2.397251,18.096212
dir-f,dark,SelectInvalid,bg-bg,2.360445,19.561630
dir-f,dark,SelectInvalid,bg-bg-elevated,2.397251,18.096212
dir-f,dark,SelectInvalid,bg-surface,2.340609,15.522910
dir-f,dark,SelectInvalid,bg-surface-hover,2.243012,13.579771
dir-f,dark,SelectInvalid,bg-surface-active,2.118625,11.725786
dir-f,dark,SelectInvalid,bg-selection,2.373263,16.471858
dir-f,dark,SelectInvalid,bg-popover,2.397251,18.096212
dir-f,dark,BadgeInvalid,bg-bg,19.561630,19.561630
dir-f,dark,BadgeInvalid,bg-bg-elevated,18.096212,18.096212
dir-f,dark,BadgeInvalid,bg-surface,15.522910,15.522910
dir-f,dark,BadgeInvalid,bg-surface-hover,13.579771,13.579771
dir-f,dark,BadgeInvalid,bg-surface-active,11.725786,11.725786
dir-f,dark,BadgeInvalid,bg-selection,16.471858,16.471858
dir-f,dark,BadgeInvalid,bg-popover,18.096212,18.096212
dir-f,dark,ScrollArea,bg-bg,5.371188,19.561630
dir-f,dark,ScrollArea,bg-bg-elevated,5.308364,18.096212
dir-f,dark,ScrollArea,bg-surface,4.984135,15.522910
dir-f,dark,ScrollArea,bg-surface-hover,4.643805,13.579771
dir-f,dark,ScrollArea,bg-surface-active,4.265243,11.725786
dir-f,dark,ScrollArea,bg-selection,5.124291,16.471858
dir-f,dark,ScrollArea,bg-popover,5.308364,18.096212
dir-f,dark,ThemePicker,bg-bg,19.561630,19.561630
dir-f,dark,ThemePicker,bg-bg-elevated,18.096212,18.096212
dir-f,dark,ThemePicker,bg-surface,15.522910,15.522910
dir-f,dark,ThemePicker,bg-surface-hover,13.579771,13.579771
dir-f,dark,ThemePicker,bg-surface-active,11.725786,11.725786
dir-f,dark,ThemePicker,bg-selection,16.471858,16.471858
dir-f,dark,ThemePicker,bg-popover,18.096212,18.096212
dir-f,dark,Composer,bg-bg,19.561630,19.561630
dir-f,dark,Composer,bg-bg-elevated,18.096212,18.096212
dir-f,dark,Composer,bg-surface,15.522910,15.522910
dir-f,dark,Composer,bg-surface-hover,13.579771,13.579771
dir-f,dark,Composer,bg-surface-active,11.725786,11.725786
dir-f,dark,Composer,bg-selection,16.471858,16.471858
dir-f,dark,Composer,bg-popover,18.096212,18.096212
dir-f,dark,ButtonInvalid,bg-bg,2.360445,19.561630
dir-f,dark,ButtonInvalid,bg-bg-elevated,2.397251,18.096212
dir-f,dark,ButtonInvalid,bg-surface,2.340609,15.522910
dir-f,dark,ButtonInvalid,bg-surface-hover,2.243012,13.579771
dir-f,dark,ButtonInvalid,bg-surface-active,2.118625,11.725786
dir-f,dark,ButtonInvalid,bg-selection,2.373263,16.471858
dir-f,dark,ButtonInvalid,bg-popover,2.397251,18.096212
dir-f,dark,InputInvalid,bg-bg,2.360445,19.561630
dir-f,dark,InputInvalid,bg-bg-elevated,2.397251,18.096212
dir-f,dark,InputInvalid,bg-surface,2.340609,15.522910
dir-f,dark,InputInvalid,bg-surface-hover,2.243012,13.579771
dir-f,dark,InputInvalid,bg-surface-active,2.118625,11.725786
dir-f,dark,InputInvalid,bg-selection,2.373263,16.471858
dir-f,dark,InputInvalid,bg-popover,2.397251,18.096212
dir-f,dark,TextareaInvalid,bg-bg,2.360445,19.561630
dir-f,dark,TextareaInvalid,bg-bg-elevated,2.397251,18.096212
dir-f,dark,TextareaInvalid,bg-surface,2.340609,15.522910
dir-f,dark,TextareaInvalid,bg-surface-hover,2.243012,13.579771
dir-f,dark,TextareaInvalid,bg-surface-active,2.118625,11.725786
dir-f,dark,TextareaInvalid,bg-selection,2.373263,16.471858
dir-f,dark,TextareaInvalid,bg-popover,2.397251,18.096212
dir-f,dark,CheckboxInvalid,bg-bg,1.420496,19.561630
dir-f,dark,CheckboxInvalid,bg-bg-elevated,1.474469,18.096212
dir-f,dark,CheckboxInvalid,bg-surface,1.499865,15.522910
dir-f,dark,CheckboxInvalid,bg-surface-hover,1.486903,13.579771
dir-f,dark,CheckboxInvalid,bg-surface-active,1.455830,11.725786
dir-f,dark,CheckboxInvalid,bg-selection,1.497338,16.471858
dir-f,dark,CheckboxInvalid,bg-popover,1.474469,18.096212
dir-f,dark,SwitchInvalid,bg-bg,2.360445,19.561630
dir-f,dark,SwitchInvalid,bg-bg-elevated,2.397251,18.096212
dir-f,dark,SwitchInvalid,bg-surface,2.340609,15.522910
dir-f,dark,SwitchInvalid,bg-surface-hover,2.243012,13.579771
dir-f,dark,SwitchInvalid,bg-surface-active,2.118625,11.725786
dir-f,dark,SwitchInvalid,bg-selection,2.373263,16.471858
dir-f,dark,SwitchInvalid,bg-popover,2.397251,18.096212
dir-f,dark,HudInput,bg-bg,19.561630,19.561630
dir-f,dark,HudInput,bg-bg-elevated,18.096212,18.096212
dir-f,dark,HudInput,bg-surface,15.522910,15.522910
dir-f,dark,HudInput,bg-surface-hover,13.579771,13.579771
dir-f,dark,HudInput,bg-surface-active,11.725786,11.725786
dir-f,dark,HudInput,bg-selection,16.471858,16.471858
dir-f,dark,HudInput,bg-popover,18.096212,18.096212
dir-f,light,Button,bg-bg,3.612639,16.910883
dir-f,light,Button,bg-bg-elevated,3.691729,18.642042
dir-f,light,Button,bg-surface,3.409666,13.356674
dir-f,light,Button,bg-surface-hover,3.260795,11.351152
dir-f,light,Button,bg-surface-active,3.095470,9.548571
dir-f,light,Button,bg-selection,3.503660,14.864636
dir-f,light,Button,bg-popover,3.691729,18.642042
dir-f,light,ButtonDestructive,bg-bg,1.394849,16.910883
dir-f,light,ButtonDestructive,bg-bg-elevated,1.407371,18.642042
dir-f,light,ButtonDestructive,bg-surface,1.362539,13.356674
dir-f,light,ButtonDestructive,bg-surface-hover,1.338567,11.351152
dir-f,light,ButtonDestructive,bg-surface-active,1.311540,9.548571
dir-f,light,ButtonDestructive,bg-selection,1.377542,14.864636
dir-f,light,ButtonDestructive,bg-popover,1.407371,18.642042
dir-f,light,Input,bg-bg,3.612639,16.910883
dir-f,light,Input,bg-bg-elevated,3.691729,18.642042
dir-f,light,Input,bg-surface,3.409666,13.356674
dir-f,light,Input,bg-surface-hover,3.260795,11.351152
dir-f,light,Input,bg-surface-active,3.095470,9.548571
dir-f,light,Input,bg-selection,3.503660,14.864636
dir-f,light,Input,bg-popover,3.691729,18.642042
dir-f,light,Textarea,bg-bg,3.612639,16.910883
dir-f,light,Textarea,bg-bg-elevated,3.691729,18.642042
dir-f,light,Textarea,bg-surface,3.409666,13.356674
dir-f,light,Textarea,bg-surface-hover,3.260795,11.351152
dir-f,light,Textarea,bg-surface-active,3.095470,9.548571
dir-f,light,Textarea,bg-selection,3.503660,14.864636
dir-f,light,Textarea,bg-popover,3.691729,18.642042
dir-f,light,Select,bg-bg,3.612639,16.910883
dir-f,light,Select,bg-bg-elevated,3.691729,18.642042
dir-f,light,Select,bg-surface,3.409666,13.356674
dir-f,light,Select,bg-surface-hover,3.260795,11.351152
dir-f,light,Select,bg-surface-active,3.095470,9.548571
dir-f,light,Select,bg-selection,3.503660,14.864636
dir-f,light,Select,bg-popover,3.691729,18.642042
dir-f,light,Checkbox,bg-bg,3.612639,16.910883
dir-f,light,Checkbox,bg-bg-elevated,3.691729,18.642042
dir-f,light,Checkbox,bg-surface,3.409666,13.356674
dir-f,light,Checkbox,bg-surface-hover,3.260795,11.351152
dir-f,light,Checkbox,bg-surface-active,3.095470,9.548571
dir-f,light,Checkbox,bg-selection,3.503660,14.864636
dir-f,light,Checkbox,bg-popover,3.691729,18.642042
dir-f,light,Switch,bg-bg,3.612639,16.910883
dir-f,light,Switch,bg-bg-elevated,3.691729,18.642042
dir-f,light,Switch,bg-surface,3.409666,13.356674
dir-f,light,Switch,bg-surface-hover,3.260795,11.351152
dir-f,light,Switch,bg-surface-active,3.095470,9.548571
dir-f,light,Switch,bg-selection,3.503660,14.864636
dir-f,light,Switch,bg-popover,3.691729,18.642042
dir-f,light,Tabs,bg-bg,18.642042,18.642042
dir-f,light,Tabs,bg-bg-elevated,18.642042,18.642042
dir-f,light,Tabs,bg-surface,18.642042,18.642042
dir-f,light,Tabs,bg-surface-hover,18.642042,18.642042
dir-f,light,Tabs,bg-surface-active,18.642042,18.642042
dir-f,light,Tabs,bg-selection,18.642042,18.642042
dir-f,light,Tabs,bg-popover,18.642042,18.642042
dir-f,light,Badge,bg-bg,16.910883,16.910883
dir-f,light,Badge,bg-bg-elevated,18.642042,18.642042
dir-f,light,Badge,bg-surface,13.356674,13.356674
dir-f,light,Badge,bg-surface-hover,11.351152,11.351152
dir-f,light,Badge,bg-surface-active,9.548571,9.548571
dir-f,light,Badge,bg-selection,14.864636,14.864636
dir-f,light,Badge,bg-popover,18.642042,18.642042
dir-f,light,BadgeDestructive,bg-bg,16.910883,16.910883
dir-f,light,BadgeDestructive,bg-bg-elevated,18.642042,18.642042
dir-f,light,BadgeDestructive,bg-surface,13.356674,13.356674
dir-f,light,BadgeDestructive,bg-surface-hover,11.351152,11.351152
dir-f,light,BadgeDestructive,bg-surface-active,9.548571,9.548571
dir-f,light,BadgeDestructive,bg-selection,14.864636,14.864636
dir-f,light,BadgeDestructive,bg-popover,18.642042,18.642042
dir-f,light,InputGroup,bg-bg,3.612639,16.910883
dir-f,light,InputGroup,bg-bg-elevated,3.691729,18.642042
dir-f,light,InputGroup,bg-surface,3.409666,13.356674
dir-f,light,InputGroup,bg-surface-hover,3.260795,11.351152
dir-f,light,InputGroup,bg-surface-active,3.095470,9.548571
dir-f,light,InputGroup,bg-selection,3.503660,14.864636
dir-f,light,InputGroup,bg-popover,3.691729,18.642042
dir-f,light,InputGroupInvalid,bg-bg,1.394849,16.910883
dir-f,light,InputGroupInvalid,bg-bg-elevated,1.407371,18.642042
dir-f,light,InputGroupInvalid,bg-surface,1.362539,13.356674
dir-f,light,InputGroupInvalid,bg-surface-hover,1.338567,11.351152
dir-f,light,InputGroupInvalid,bg-surface-active,1.311540,9.548571
dir-f,light,InputGroupInvalid,bg-selection,1.377542,14.864636
dir-f,light,InputGroupInvalid,bg-popover,1.407371,18.642042
dir-f,light,SelectInvalid,bg-bg,1.394849,16.910883
dir-f,light,SelectInvalid,bg-bg-elevated,1.407371,18.642042
dir-f,light,SelectInvalid,bg-surface,1.362539,13.356674
dir-f,light,SelectInvalid,bg-surface-hover,1.338567,11.351152
dir-f,light,SelectInvalid,bg-surface-active,1.311540,9.548571
dir-f,light,SelectInvalid,bg-selection,1.377542,14.864636
dir-f,light,SelectInvalid,bg-popover,1.407371,18.642042
dir-f,light,BadgeInvalid,bg-bg,16.910883,16.910883
dir-f,light,BadgeInvalid,bg-bg-elevated,18.642042,18.642042
dir-f,light,BadgeInvalid,bg-surface,13.356674,13.356674
dir-f,light,BadgeInvalid,bg-surface-hover,11.351152,11.351152
dir-f,light,BadgeInvalid,bg-surface-active,9.548571,9.548571
dir-f,light,BadgeInvalid,bg-selection,14.864636,14.864636
dir-f,light,BadgeInvalid,bg-popover,18.642042,18.642042
dir-f,light,ScrollArea,bg-bg,3.612639,16.910883
dir-f,light,ScrollArea,bg-bg-elevated,3.691729,18.642042
dir-f,light,ScrollArea,bg-surface,3.409666,13.356674
dir-f,light,ScrollArea,bg-surface-hover,3.260795,11.351152
dir-f,light,ScrollArea,bg-surface-active,3.095470,9.548571
dir-f,light,ScrollArea,bg-selection,3.503660,14.864636
dir-f,light,ScrollArea,bg-popover,3.691729,18.642042
dir-f,light,ThemePicker,bg-bg,16.910883,16.910883
dir-f,light,ThemePicker,bg-bg-elevated,18.642042,18.642042
dir-f,light,ThemePicker,bg-surface,13.356674,13.356674
dir-f,light,ThemePicker,bg-surface-hover,11.351152,11.351152
dir-f,light,ThemePicker,bg-surface-active,9.548571,9.548571
dir-f,light,ThemePicker,bg-selection,14.864636,14.864636
dir-f,light,ThemePicker,bg-popover,18.642042,18.642042
dir-f,light,Composer,bg-bg,16.910883,16.910883
dir-f,light,Composer,bg-bg-elevated,18.642042,18.642042
dir-f,light,Composer,bg-surface,13.356674,13.356674
dir-f,light,Composer,bg-surface-hover,11.351152,11.351152
dir-f,light,Composer,bg-surface-active,9.548571,9.548571
dir-f,light,Composer,bg-selection,14.864636,14.864636
dir-f,light,Composer,bg-popover,18.642042,18.642042
dir-f,light,ButtonInvalid,bg-bg,1.394849,16.910883
dir-f,light,ButtonInvalid,bg-bg-elevated,1.407371,18.642042
dir-f,light,ButtonInvalid,bg-surface,1.362539,13.356674
dir-f,light,ButtonInvalid,bg-surface-hover,1.338567,11.351152
dir-f,light,ButtonInvalid,bg-surface-active,1.311540,9.548571
dir-f,light,ButtonInvalid,bg-selection,1.377542,14.864636
dir-f,light,ButtonInvalid,bg-popover,1.407371,18.642042
dir-f,light,InputInvalid,bg-bg,1.394849,16.910883
dir-f,light,InputInvalid,bg-bg-elevated,1.407371,18.642042
dir-f,light,InputInvalid,bg-surface,1.362539,13.356674
dir-f,light,InputInvalid,bg-surface-hover,1.338567,11.351152
dir-f,light,InputInvalid,bg-surface-active,1.311540,9.548571
dir-f,light,InputInvalid,bg-selection,1.377542,14.864636
dir-f,light,InputInvalid,bg-popover,1.407371,18.642042
dir-f,light,TextareaInvalid,bg-bg,1.394849,16.910883
dir-f,light,TextareaInvalid,bg-bg-elevated,1.407371,18.642042
dir-f,light,TextareaInvalid,bg-surface,1.362539,13.356674
dir-f,light,TextareaInvalid,bg-surface-hover,1.338567,11.351152
dir-f,light,TextareaInvalid,bg-surface-active,1.311540,9.548571
dir-f,light,TextareaInvalid,bg-selection,1.377542,14.864636
dir-f,light,TextareaInvalid,bg-popover,1.407371,18.642042
dir-f,light,CheckboxInvalid,bg-bg,1.394849,16.910883
dir-f,light,CheckboxInvalid,bg-bg-elevated,1.407371,18.642042
dir-f,light,CheckboxInvalid,bg-surface,1.362539,13.356674
dir-f,light,CheckboxInvalid,bg-surface-hover,1.338567,11.351152
dir-f,light,CheckboxInvalid,bg-surface-active,1.311540,9.548571
dir-f,light,CheckboxInvalid,bg-selection,1.377542,14.864636
dir-f,light,CheckboxInvalid,bg-popover,1.407371,18.642042
dir-f,light,SwitchInvalid,bg-bg,1.394849,16.910883
dir-f,light,SwitchInvalid,bg-bg-elevated,1.407371,18.642042
dir-f,light,SwitchInvalid,bg-surface,1.362539,13.356674
dir-f,light,SwitchInvalid,bg-surface-hover,1.338567,11.351152
dir-f,light,SwitchInvalid,bg-surface-active,1.311540,9.548571
dir-f,light,SwitchInvalid,bg-selection,1.377542,14.864636
dir-f,light,SwitchInvalid,bg-popover,1.407371,18.642042
dir-f,light,HudInput,bg-bg,16.910883,16.910883
dir-f,light,HudInput,bg-bg-elevated,18.642042,18.642042
dir-f,light,HudInput,bg-surface,13.356674,13.356674
dir-f,light,HudInput,bg-surface-hover,11.351152,11.351152
dir-f,light,HudInput,bg-surface-active,9.548571,9.548571
dir-f,light,HudInput,bg-selection,14.864636,14.864636
dir-f,light,HudInput,bg-popover,18.642042,18.642042
sysop-p4-white,dark,Button,bg-bg,1.138165,5.290644
sysop-p4-white,dark,Button,bg-bg-elevated,1.142717,4.711305
sysop-p4-white,dark,Button,bg-surface,1.142717,4.711305
sysop-p4-white,dark,Button,bg-surface-hover,1.142717,4.711305
sysop-p4-white,dark,Button,bg-surface-active,1.029534,3.060829
sysop-p4-white,dark,Button,bg-selection,1.142717,4.711305
sysop-p4-white,dark,Button,bg-popover,1.142717,4.711305
sysop-p4-white,dark,ButtonDestructive,bg-bg,2.052830,5.290644
sysop-p4-white,dark,ButtonDestructive,bg-bg-elevated,2.093598,4.711305
sysop-p4-white,dark,ButtonDestructive,bg-surface,2.093598,4.711305
sysop-p4-white,dark,ButtonDestructive,bg-surface-hover,2.093598,4.711305
sysop-p4-white,dark,ButtonDestructive,bg-surface-active,1.831525,3.060829
sysop-p4-white,dark,ButtonDestructive,bg-selection,2.093598,4.711305
sysop-p4-white,dark,ButtonDestructive,bg-popover,2.093598,4.711305
sysop-p4-white,dark,Input,bg-bg,1.138165,5.290644
sysop-p4-white,dark,Input,bg-bg-elevated,1.142717,4.711305
sysop-p4-white,dark,Input,bg-surface,1.142717,4.711305
sysop-p4-white,dark,Input,bg-surface-hover,1.142717,4.711305
sysop-p4-white,dark,Input,bg-surface-active,1.029534,3.060829
sysop-p4-white,dark,Input,bg-selection,1.142717,4.711305
sysop-p4-white,dark,Input,bg-popover,1.142717,4.711305
sysop-p4-white,dark,Textarea,bg-bg,1.138165,5.290644
sysop-p4-white,dark,Textarea,bg-bg-elevated,1.142717,4.711305
sysop-p4-white,dark,Textarea,bg-surface,1.142717,4.711305
sysop-p4-white,dark,Textarea,bg-surface-hover,1.142717,4.711305
sysop-p4-white,dark,Textarea,bg-surface-active,1.029534,3.060829
sysop-p4-white,dark,Textarea,bg-selection,1.142717,4.711305
sysop-p4-white,dark,Textarea,bg-popover,1.142717,4.711305
sysop-p4-white,dark,Select,bg-bg,1.138165,5.290644
sysop-p4-white,dark,Select,bg-bg-elevated,1.142717,4.711305
sysop-p4-white,dark,Select,bg-surface,1.142717,4.711305
sysop-p4-white,dark,Select,bg-surface-hover,1.142717,4.711305
sysop-p4-white,dark,Select,bg-surface-active,1.029534,3.060829
sysop-p4-white,dark,Select,bg-selection,1.142717,4.711305
sysop-p4-white,dark,Select,bg-popover,1.142717,4.711305
sysop-p4-white,dark,Checkbox,bg-bg,1.138165,5.290644
sysop-p4-white,dark,Checkbox,bg-bg-elevated,1.142717,4.711305
sysop-p4-white,dark,Checkbox,bg-surface,1.142717,4.711305
sysop-p4-white,dark,Checkbox,bg-surface-hover,1.142717,4.711305
sysop-p4-white,dark,Checkbox,bg-surface-active,1.029534,3.060829
sysop-p4-white,dark,Checkbox,bg-selection,1.142717,4.711305
sysop-p4-white,dark,Checkbox,bg-popover,1.142717,4.711305
sysop-p4-white,dark,Switch,bg-bg,1.138165,5.290644
sysop-p4-white,dark,Switch,bg-bg-elevated,1.142717,4.711305
sysop-p4-white,dark,Switch,bg-surface,1.142717,4.711305
sysop-p4-white,dark,Switch,bg-surface-hover,1.142717,4.711305
sysop-p4-white,dark,Switch,bg-surface-active,1.029534,3.060829
sysop-p4-white,dark,Switch,bg-selection,1.142717,4.711305
sysop-p4-white,dark,Switch,bg-popover,1.142717,4.711305
sysop-p4-white,dark,Tabs,bg-bg,1.338755,4.711305
sysop-p4-white,dark,Tabs,bg-bg-elevated,1.338755,4.711305
sysop-p4-white,dark,Tabs,bg-surface,1.338755,4.711305
sysop-p4-white,dark,Tabs,bg-surface-hover,1.338755,4.711305
sysop-p4-white,dark,Tabs,bg-surface-active,1.338755,4.711305
sysop-p4-white,dark,Tabs,bg-selection,1.338755,4.711305
sysop-p4-white,dark,Tabs,bg-popover,1.338755,4.711305
sysop-p4-white,dark,Badge,bg-bg,1.382025,5.290644
sysop-p4-white,dark,Badge,bg-bg-elevated,1.338755,4.711305
sysop-p4-white,dark,Badge,bg-surface,1.338755,4.711305
sysop-p4-white,dark,Badge,bg-surface-hover,1.338755,4.711305
sysop-p4-white,dark,Badge,bg-surface-active,1.059785,3.060829
sysop-p4-white,dark,Badge,bg-selection,1.338755,4.711305
sysop-p4-white,dark,Badge,bg-popover,1.338755,4.711305
sysop-p4-white,dark,BadgeDestructive,bg-bg,2.052830,5.290644
sysop-p4-white,dark,BadgeDestructive,bg-bg-elevated,2.093598,4.711305
sysop-p4-white,dark,BadgeDestructive,bg-surface,2.093598,4.711305
sysop-p4-white,dark,BadgeDestructive,bg-surface-hover,2.093598,4.711305
sysop-p4-white,dark,BadgeDestructive,bg-surface-active,1.831525,3.060829
sysop-p4-white,dark,BadgeDestructive,bg-selection,2.093598,4.711305
sysop-p4-white,dark,BadgeDestructive,bg-popover,2.093598,4.711305
sysop-p4-white,dark,InputGroup,bg-bg,1.138165,5.290644
sysop-p4-white,dark,InputGroup,bg-bg-elevated,1.142717,4.711305
sysop-p4-white,dark,InputGroup,bg-surface,1.142717,4.711305
sysop-p4-white,dark,InputGroup,bg-surface-hover,1.142717,4.711305
sysop-p4-white,dark,InputGroup,bg-surface-active,1.029534,3.060829
sysop-p4-white,dark,InputGroup,bg-selection,1.142717,4.711305
sysop-p4-white,dark,InputGroup,bg-popover,1.142717,4.711305
sysop-p4-white,dark,InputGroupInvalid,bg-bg,2.052830,5.290644
sysop-p4-white,dark,InputGroupInvalid,bg-bg-elevated,2.093598,4.711305
sysop-p4-white,dark,InputGroupInvalid,bg-surface,2.093598,4.711305
sysop-p4-white,dark,InputGroupInvalid,bg-surface-hover,2.093598,4.711305
sysop-p4-white,dark,InputGroupInvalid,bg-surface-active,1.831525,3.060829
sysop-p4-white,dark,InputGroupInvalid,bg-selection,2.093598,4.711305
sysop-p4-white,dark,InputGroupInvalid,bg-popover,2.093598,4.711305
sysop-p4-white,dark,SelectInvalid,bg-bg,2.052830,5.290644
sysop-p4-white,dark,SelectInvalid,bg-bg-elevated,2.093598,4.711305
sysop-p4-white,dark,SelectInvalid,bg-surface,2.093598,4.711305
sysop-p4-white,dark,SelectInvalid,bg-surface-hover,2.093598,4.711305
sysop-p4-white,dark,SelectInvalid,bg-surface-active,1.831525,3.060829
sysop-p4-white,dark,SelectInvalid,bg-selection,2.093598,4.711305
sysop-p4-white,dark,SelectInvalid,bg-popover,2.093598,4.711305
sysop-p4-white,dark,BadgeInvalid,bg-bg,2.052830,5.290644
sysop-p4-white,dark,BadgeInvalid,bg-bg-elevated,2.093598,4.711305
sysop-p4-white,dark,BadgeInvalid,bg-surface,2.093598,4.711305
sysop-p4-white,dark,BadgeInvalid,bg-surface-hover,2.093598,4.711305
sysop-p4-white,dark,BadgeInvalid,bg-surface-active,1.831525,3.060829
sysop-p4-white,dark,BadgeInvalid,bg-selection,2.093598,4.711305
sysop-p4-white,dark,BadgeInvalid,bg-popover,2.093598,4.711305
sysop-p4-white,dark,ScrollArea,bg-bg,1.138165,5.290644
sysop-p4-white,dark,ScrollArea,bg-bg-elevated,1.142717,4.711305
sysop-p4-white,dark,ScrollArea,bg-surface,1.142717,4.711305
sysop-p4-white,dark,ScrollArea,bg-surface-hover,1.142717,4.711305
sysop-p4-white,dark,ScrollArea,bg-surface-active,1.029534,3.060829
sysop-p4-white,dark,ScrollArea,bg-selection,1.142717,4.711305
sysop-p4-white,dark,ScrollArea,bg-popover,1.142717,4.711305
sysop-p4-white,dark,ThemePicker,bg-bg,1.382025,5.290644
sysop-p4-white,dark,ThemePicker,bg-bg-elevated,1.338755,4.711305
sysop-p4-white,dark,ThemePicker,bg-surface,1.338755,4.711305
sysop-p4-white,dark,ThemePicker,bg-surface-hover,1.338755,4.711305
sysop-p4-white,dark,ThemePicker,bg-surface-active,1.059785,3.060829
sysop-p4-white,dark,ThemePicker,bg-selection,1.338755,4.711305
sysop-p4-white,dark,ThemePicker,bg-popover,1.338755,4.711305
sysop-p4-white,dark,Composer,bg-bg,1.382025,5.290644
sysop-p4-white,dark,Composer,bg-bg-elevated,1.338755,4.711305
sysop-p4-white,dark,Composer,bg-surface,1.338755,4.711305
sysop-p4-white,dark,Composer,bg-surface-hover,1.338755,4.711305
sysop-p4-white,dark,Composer,bg-surface-active,1.059785,3.060829
sysop-p4-white,dark,Composer,bg-selection,1.338755,4.711305
sysop-p4-white,dark,Composer,bg-popover,1.338755,4.711305
sysop-p4-white,dark,ButtonInvalid,bg-bg,2.052830,5.290644
sysop-p4-white,dark,ButtonInvalid,bg-bg-elevated,2.093598,4.711305
sysop-p4-white,dark,ButtonInvalid,bg-surface,2.093598,4.711305
sysop-p4-white,dark,ButtonInvalid,bg-surface-hover,2.093598,4.711305
sysop-p4-white,dark,ButtonInvalid,bg-surface-active,1.831525,3.060829
sysop-p4-white,dark,ButtonInvalid,bg-selection,2.093598,4.711305
sysop-p4-white,dark,ButtonInvalid,bg-popover,2.093598,4.711305
sysop-p4-white,dark,InputInvalid,bg-bg,2.052830,5.290644
sysop-p4-white,dark,InputInvalid,bg-bg-elevated,2.093598,4.711305
sysop-p4-white,dark,InputInvalid,bg-surface,2.093598,4.711305
sysop-p4-white,dark,InputInvalid,bg-surface-hover,2.093598,4.711305
sysop-p4-white,dark,InputInvalid,bg-surface-active,1.831525,3.060829
sysop-p4-white,dark,InputInvalid,bg-selection,2.093598,4.711305
sysop-p4-white,dark,InputInvalid,bg-popover,2.093598,4.711305
sysop-p4-white,dark,TextareaInvalid,bg-bg,2.052830,5.290644
sysop-p4-white,dark,TextareaInvalid,bg-bg-elevated,2.093598,4.711305
sysop-p4-white,dark,TextareaInvalid,bg-surface,2.093598,4.711305
sysop-p4-white,dark,TextareaInvalid,bg-surface-hover,2.093598,4.711305
sysop-p4-white,dark,TextareaInvalid,bg-surface-active,1.831525,3.060829
sysop-p4-white,dark,TextareaInvalid,bg-selection,2.093598,4.711305
sysop-p4-white,dark,TextareaInvalid,bg-popover,2.093598,4.711305
sysop-p4-white,dark,CheckboxInvalid,bg-bg,1.315103,5.290644
sysop-p4-white,dark,CheckboxInvalid,bg-bg-elevated,1.377027,4.711305
sysop-p4-white,dark,CheckboxInvalid,bg-surface,1.377027,4.711305
sysop-p4-white,dark,CheckboxInvalid,bg-surface-hover,1.377027,4.711305
sysop-p4-white,dark,CheckboxInvalid,bg-surface-active,1.335220,3.060829
sysop-p4-white,dark,CheckboxInvalid,bg-selection,1.377027,4.711305
sysop-p4-white,dark,CheckboxInvalid,bg-popover,1.377027,4.711305
sysop-p4-white,dark,SwitchInvalid,bg-bg,2.052830,5.290644
sysop-p4-white,dark,SwitchInvalid,bg-bg-elevated,2.093598,4.711305
sysop-p4-white,dark,SwitchInvalid,bg-surface,2.093598,4.711305
sysop-p4-white,dark,SwitchInvalid,bg-surface-hover,2.093598,4.711305
sysop-p4-white,dark,SwitchInvalid,bg-surface-active,1.831525,3.060829
sysop-p4-white,dark,SwitchInvalid,bg-selection,2.093598,4.711305
sysop-p4-white,dark,SwitchInvalid,bg-popover,2.093598,4.711305
sysop-p4-white,dark,HudInput,bg-bg,1.382025,5.290644
sysop-p4-white,dark,HudInput,bg-bg-elevated,1.338755,4.711305
sysop-p4-white,dark,HudInput,bg-surface,1.338755,4.711305
sysop-p4-white,dark,HudInput,bg-surface-hover,1.338755,4.711305
sysop-p4-white,dark,HudInput,bg-surface-active,1.059785,3.060829
sysop-p4-white,dark,HudInput,bg-selection,1.338755,4.711305
sysop-p4-white,dark,HudInput,bg-popover,1.338755,4.711305
sysop-p4-white,light,Button,bg-bg,3.032759,14.270056
sysop-p4-white,light,Button,bg-bg-elevated,3.066332,14.894588
sysop-p4-white,light,Button,bg-surface,2.971226,13.204043
sysop-p4-white,light,Button,bg-surface-hover,2.876489,11.738398
sysop-p4-white,light,Button,bg-surface-active,2.751264,10.077520
sysop-p4-white,light,Button,bg-selection,2.751264,10.077520
sysop-p4-white,light,Button,bg-popover,3.066332,14.894588
sysop-p4-white,light,ButtonDestructive,bg-bg,1.443525,14.270056
sysop-p4-white,light,ButtonDestructive,bg-bg-elevated,1.448571,14.894588
sysop-p4-white,light,ButtonDestructive,bg-surface,1.434134,13.204043
sysop-p4-white,light,ButtonDestructive,bg-surface-hover,1.419283,11.738398
sysop-p4-white,light,ButtonDestructive,bg-surface-active,1.398877,10.077520
sysop-p4-white,light,ButtonDestructive,bg-selection,1.398877,10.077520
sysop-p4-white,light,ButtonDestructive,bg-popover,1.448571,14.894588
sysop-p4-white,light,Input,bg-bg,3.032759,14.270056
sysop-p4-white,light,Input,bg-bg-elevated,3.066332,14.894588
sysop-p4-white,light,Input,bg-surface,2.971226,13.204043
sysop-p4-white,light,Input,bg-surface-hover,2.876489,11.738398
sysop-p4-white,light,Input,bg-surface-active,2.751264,10.077520
sysop-p4-white,light,Input,bg-selection,2.751264,10.077520
sysop-p4-white,light,Input,bg-popover,3.066332,14.894588
sysop-p4-white,light,Textarea,bg-bg,3.032759,14.270056
sysop-p4-white,light,Textarea,bg-bg-elevated,3.066332,14.894588
sysop-p4-white,light,Textarea,bg-surface,2.971226,13.204043
sysop-p4-white,light,Textarea,bg-surface-hover,2.876489,11.738398
sysop-p4-white,light,Textarea,bg-surface-active,2.751264,10.077520
sysop-p4-white,light,Textarea,bg-selection,2.751264,10.077520
sysop-p4-white,light,Textarea,bg-popover,3.066332,14.894588
sysop-p4-white,light,Select,bg-bg,3.032759,14.270056
sysop-p4-white,light,Select,bg-bg-elevated,3.066332,14.894588
sysop-p4-white,light,Select,bg-surface,2.971226,13.204043
sysop-p4-white,light,Select,bg-surface-hover,2.876489,11.738398
sysop-p4-white,light,Select,bg-surface-active,2.751264,10.077520
sysop-p4-white,light,Select,bg-selection,2.751264,10.077520
sysop-p4-white,light,Select,bg-popover,3.066332,14.894588
sysop-p4-white,light,Checkbox,bg-bg,3.032759,14.270056
sysop-p4-white,light,Checkbox,bg-bg-elevated,3.066332,14.894588
sysop-p4-white,light,Checkbox,bg-surface,2.971226,13.204043
sysop-p4-white,light,Checkbox,bg-surface-hover,2.876489,11.738398
sysop-p4-white,light,Checkbox,bg-surface-active,2.751264,10.077520
sysop-p4-white,light,Checkbox,bg-selection,2.751264,10.077520
sysop-p4-white,light,Checkbox,bg-popover,3.066332,14.894588
sysop-p4-white,light,Switch,bg-bg,3.032759,14.270056
sysop-p4-white,light,Switch,bg-bg-elevated,3.066332,14.894588
sysop-p4-white,light,Switch,bg-surface,2.971226,13.204043
sysop-p4-white,light,Switch,bg-surface-hover,2.876489,11.738398
sysop-p4-white,light,Switch,bg-surface-active,2.751264,10.077520
sysop-p4-white,light,Switch,bg-selection,2.751264,10.077520
sysop-p4-white,light,Switch,bg-popover,3.066332,14.894588
sysop-p4-white,light,Tabs,bg-bg,14.894588,14.894588
sysop-p4-white,light,Tabs,bg-bg-elevated,14.894588,14.894588
sysop-p4-white,light,Tabs,bg-surface,14.894588,14.894588
sysop-p4-white,light,Tabs,bg-surface-hover,14.894588,14.894588
sysop-p4-white,light,Tabs,bg-surface-active,14.894588,14.894588
sysop-p4-white,light,Tabs,bg-selection,14.894588,14.894588
sysop-p4-white,light,Tabs,bg-popover,14.894588,14.894588
sysop-p4-white,light,Badge,bg-bg,14.270056,14.270056
sysop-p4-white,light,Badge,bg-bg-elevated,14.894588,14.894588
sysop-p4-white,light,Badge,bg-surface,13.204043,13.204043
sysop-p4-white,light,Badge,bg-surface-hover,11.738398,11.738398
sysop-p4-white,light,Badge,bg-surface-active,10.077520,10.077520
sysop-p4-white,light,Badge,bg-selection,10.077520,10.077520
sysop-p4-white,light,Badge,bg-popover,14.894588,14.894588
sysop-p4-white,light,BadgeDestructive,bg-bg,14.270056,14.270056
sysop-p4-white,light,BadgeDestructive,bg-bg-elevated,14.894588,14.894588
sysop-p4-white,light,BadgeDestructive,bg-surface,13.204043,13.204043
sysop-p4-white,light,BadgeDestructive,bg-surface-hover,11.738398,11.738398
sysop-p4-white,light,BadgeDestructive,bg-surface-active,10.077520,10.077520
sysop-p4-white,light,BadgeDestructive,bg-selection,10.077520,10.077520
sysop-p4-white,light,BadgeDestructive,bg-popover,14.894588,14.894588
sysop-p4-white,light,InputGroup,bg-bg,3.032759,14.270056
sysop-p4-white,light,InputGroup,bg-bg-elevated,3.066332,14.894588
sysop-p4-white,light,InputGroup,bg-surface,2.971226,13.204043
sysop-p4-white,light,InputGroup,bg-surface-hover,2.876489,11.738398
sysop-p4-white,light,InputGroup,bg-surface-active,2.751264,10.077520
sysop-p4-white,light,InputGroup,bg-selection,2.751264,10.077520
sysop-p4-white,light,InputGroup,bg-popover,3.066332,14.894588
sysop-p4-white,light,InputGroupInvalid,bg-bg,1.443525,14.270056
sysop-p4-white,light,InputGroupInvalid,bg-bg-elevated,1.448571,14.894588
sysop-p4-white,light,InputGroupInvalid,bg-surface,1.434134,13.204043
sysop-p4-white,light,InputGroupInvalid,bg-surface-hover,1.419283,11.738398
sysop-p4-white,light,InputGroupInvalid,bg-surface-active,1.398877,10.077520
sysop-p4-white,light,InputGroupInvalid,bg-selection,1.398877,10.077520
sysop-p4-white,light,InputGroupInvalid,bg-popover,1.448571,14.894588
sysop-p4-white,light,SelectInvalid,bg-bg,1.443525,14.270056
sysop-p4-white,light,SelectInvalid,bg-bg-elevated,1.448571,14.894588
sysop-p4-white,light,SelectInvalid,bg-surface,1.434134,13.204043
sysop-p4-white,light,SelectInvalid,bg-surface-hover,1.419283,11.738398
sysop-p4-white,light,SelectInvalid,bg-surface-active,1.398877,10.077520
sysop-p4-white,light,SelectInvalid,bg-selection,1.398877,10.077520
sysop-p4-white,light,SelectInvalid,bg-popover,1.448571,14.894588
sysop-p4-white,light,BadgeInvalid,bg-bg,14.270056,14.270056
sysop-p4-white,light,BadgeInvalid,bg-bg-elevated,14.894588,14.894588
sysop-p4-white,light,BadgeInvalid,bg-surface,13.204043,13.204043
sysop-p4-white,light,BadgeInvalid,bg-surface-hover,11.738398,11.738398
sysop-p4-white,light,BadgeInvalid,bg-surface-active,10.077520,10.077520
sysop-p4-white,light,BadgeInvalid,bg-selection,10.077520,10.077520
sysop-p4-white,light,BadgeInvalid,bg-popover,14.894588,14.894588
sysop-p4-white,light,ScrollArea,bg-bg,3.032759,14.270056
sysop-p4-white,light,ScrollArea,bg-bg-elevated,3.066332,14.894588
sysop-p4-white,light,ScrollArea,bg-surface,2.971226,13.204043
sysop-p4-white,light,ScrollArea,bg-surface-hover,2.876489,11.738398
sysop-p4-white,light,ScrollArea,bg-surface-active,2.751264,10.077520
sysop-p4-white,light,ScrollArea,bg-selection,2.751264,10.077520
sysop-p4-white,light,ScrollArea,bg-popover,3.066332,14.894588
sysop-p4-white,light,ThemePicker,bg-bg,14.270056,14.270056
sysop-p4-white,light,ThemePicker,bg-bg-elevated,14.894588,14.894588
sysop-p4-white,light,ThemePicker,bg-surface,13.204043,13.204043
sysop-p4-white,light,ThemePicker,bg-surface-hover,11.738398,11.738398
sysop-p4-white,light,ThemePicker,bg-surface-active,10.077520,10.077520
sysop-p4-white,light,ThemePicker,bg-selection,10.077520,10.077520
sysop-p4-white,light,ThemePicker,bg-popover,14.894588,14.894588
sysop-p4-white,light,Composer,bg-bg,14.270056,14.270056
sysop-p4-white,light,Composer,bg-bg-elevated,14.894588,14.894588
sysop-p4-white,light,Composer,bg-surface,13.204043,13.204043
sysop-p4-white,light,Composer,bg-surface-hover,11.738398,11.738398
sysop-p4-white,light,Composer,bg-surface-active,10.077520,10.077520
sysop-p4-white,light,Composer,bg-selection,10.077520,10.077520
sysop-p4-white,light,Composer,bg-popover,14.894588,14.894588
sysop-p4-white,light,ButtonInvalid,bg-bg,1.443525,14.270056
sysop-p4-white,light,ButtonInvalid,bg-bg-elevated,1.448571,14.894588
sysop-p4-white,light,ButtonInvalid,bg-surface,1.434134,13.204043
sysop-p4-white,light,ButtonInvalid,bg-surface-hover,1.419283,11.738398
sysop-p4-white,light,ButtonInvalid,bg-surface-active,1.398877,10.077520
sysop-p4-white,light,ButtonInvalid,bg-selection,1.398877,10.077520
sysop-p4-white,light,ButtonInvalid,bg-popover,1.448571,14.894588
sysop-p4-white,light,InputInvalid,bg-bg,1.443525,14.270056
sysop-p4-white,light,InputInvalid,bg-bg-elevated,1.448571,14.894588
sysop-p4-white,light,InputInvalid,bg-surface,1.434134,13.204043
sysop-p4-white,light,InputInvalid,bg-surface-hover,1.419283,11.738398
sysop-p4-white,light,InputInvalid,bg-surface-active,1.398877,10.077520
sysop-p4-white,light,InputInvalid,bg-selection,1.398877,10.077520
sysop-p4-white,light,InputInvalid,bg-popover,1.448571,14.894588
sysop-p4-white,light,TextareaInvalid,bg-bg,1.443525,14.270056
sysop-p4-white,light,TextareaInvalid,bg-bg-elevated,1.448571,14.894588
sysop-p4-white,light,TextareaInvalid,bg-surface,1.434134,13.204043
sysop-p4-white,light,TextareaInvalid,bg-surface-hover,1.419283,11.738398
sysop-p4-white,light,TextareaInvalid,bg-surface-active,1.398877,10.077520
sysop-p4-white,light,TextareaInvalid,bg-selection,1.398877,10.077520
sysop-p4-white,light,TextareaInvalid,bg-popover,1.448571,14.894588
sysop-p4-white,light,CheckboxInvalid,bg-bg,1.443525,14.270056
sysop-p4-white,light,CheckboxInvalid,bg-bg-elevated,1.448571,14.894588
sysop-p4-white,light,CheckboxInvalid,bg-surface,1.434134,13.204043
sysop-p4-white,light,CheckboxInvalid,bg-surface-hover,1.419283,11.738398
sysop-p4-white,light,CheckboxInvalid,bg-surface-active,1.398877,10.077520
sysop-p4-white,light,CheckboxInvalid,bg-selection,1.398877,10.077520
sysop-p4-white,light,CheckboxInvalid,bg-popover,1.448571,14.894588
sysop-p4-white,light,SwitchInvalid,bg-bg,1.443525,14.270056
sysop-p4-white,light,SwitchInvalid,bg-bg-elevated,1.448571,14.894588
sysop-p4-white,light,SwitchInvalid,bg-surface,1.434134,13.204043
sysop-p4-white,light,SwitchInvalid,bg-surface-hover,1.419283,11.738398
sysop-p4-white,light,SwitchInvalid,bg-surface-active,1.398877,10.077520
sysop-p4-white,light,SwitchInvalid,bg-selection,1.398877,10.077520
sysop-p4-white,light,SwitchInvalid,bg-popover,1.448571,14.894588
sysop-p4-white,light,HudInput,bg-bg,14.270056,14.270056
sysop-p4-white,light,HudInput,bg-bg-elevated,14.894588,14.894588
sysop-p4-white,light,HudInput,bg-surface,13.204043,13.204043
sysop-p4-white,light,HudInput,bg-surface-hover,11.738398,11.738398
sysop-p4-white,light,HudInput,bg-surface-active,10.077520,10.077520
sysop-p4-white,light,HudInput,bg-selection,10.077520,10.077520
sysop-p4-white,light,HudInput,bg-popover,14.894588,14.894588
sysop-green-phosphor,dark,Button,bg-bg,2.183348,5.577085
sysop-green-phosphor,dark,Button,bg-bg-elevated,2.298339,5.411534
sysop-green-phosphor,dark,Button,bg-surface,2.298339,5.411534
sysop-green-phosphor,dark,Button,bg-surface-hover,2.307425,5.215390
sysop-green-phosphor,dark,Button,bg-surface-active,2.136954,4.148815
sysop-green-phosphor,dark,Button,bg-selection,2.298339,5.411534
sysop-green-phosphor,dark,Button,bg-popover,2.298339,5.411534
sysop-green-phosphor,dark,ButtonDestructive,bg-bg,2.650648,5.577085
sysop-green-phosphor,dark,ButtonDestructive,bg-bg-elevated,2.689376,5.411534
sysop-green-phosphor,dark,ButtonDestructive,bg-surface,2.689376,5.411534
sysop-green-phosphor,dark,ButtonDestructive,bg-surface-hover,2.651734,5.215390
sysop-green-phosphor,dark,ButtonDestructive,bg-surface-active,2.247836,4.148815
sysop-green-phosphor,dark,ButtonDestructive,bg-selection,2.689376,5.411534
sysop-green-phosphor,dark,ButtonDestructive,bg-popover,2.689376,5.411534
sysop-green-phosphor,dark,Input,bg-bg,2.183348,5.577085
sysop-green-phosphor,dark,Input,bg-bg-elevated,2.298339,5.411534
sysop-green-phosphor,dark,Input,bg-surface,2.298339,5.411534
sysop-green-phosphor,dark,Input,bg-surface-hover,2.307425,5.215390
sysop-green-phosphor,dark,Input,bg-surface-active,2.136954,4.148815
sysop-green-phosphor,dark,Input,bg-selection,2.298339,5.411534
sysop-green-phosphor,dark,Input,bg-popover,2.298339,5.411534
sysop-green-phosphor,dark,Textarea,bg-bg,2.183348,5.577085
sysop-green-phosphor,dark,Textarea,bg-bg-elevated,2.298339,5.411534
sysop-green-phosphor,dark,Textarea,bg-surface,2.298339,5.411534
sysop-green-phosphor,dark,Textarea,bg-surface-hover,2.307425,5.215390
sysop-green-phosphor,dark,Textarea,bg-surface-active,2.136954,4.148815
sysop-green-phosphor,dark,Textarea,bg-selection,2.298339,5.411534
sysop-green-phosphor,dark,Textarea,bg-popover,2.298339,5.411534
sysop-green-phosphor,dark,Select,bg-bg,2.183348,5.577085
sysop-green-phosphor,dark,Select,bg-bg-elevated,2.298339,5.411534
sysop-green-phosphor,dark,Select,bg-surface,2.298339,5.411534
sysop-green-phosphor,dark,Select,bg-surface-hover,2.307425,5.215390
sysop-green-phosphor,dark,Select,bg-surface-active,2.136954,4.148815
sysop-green-phosphor,dark,Select,bg-selection,2.298339,5.411534
sysop-green-phosphor,dark,Select,bg-popover,2.298339,5.411534
sysop-green-phosphor,dark,Checkbox,bg-bg,2.183348,5.577085
sysop-green-phosphor,dark,Checkbox,bg-bg-elevated,2.298339,5.411534
sysop-green-phosphor,dark,Checkbox,bg-surface,2.298339,5.411534
sysop-green-phosphor,dark,Checkbox,bg-surface-hover,2.307425,5.215390
sysop-green-phosphor,dark,Checkbox,bg-surface-active,2.136954,4.148815
sysop-green-phosphor,dark,Checkbox,bg-selection,2.298339,5.411534
sysop-green-phosphor,dark,Checkbox,bg-popover,2.298339,5.411534
sysop-green-phosphor,dark,Switch,bg-bg,2.183348,5.577085
sysop-green-phosphor,dark,Switch,bg-bg-elevated,2.298339,5.411534
sysop-green-phosphor,dark,Switch,bg-surface,2.298339,5.411534
sysop-green-phosphor,dark,Switch,bg-surface-hover,2.307425,5.215390
sysop-green-phosphor,dark,Switch,bg-surface-active,2.136954,4.148815
sysop-green-phosphor,dark,Switch,bg-selection,2.298339,5.411534
sysop-green-phosphor,dark,Switch,bg-popover,2.298339,5.411534
sysop-green-phosphor,dark,Tabs,bg-bg,5.411534,5.411534
sysop-green-phosphor,dark,Tabs,bg-bg-elevated,5.411534,5.411534
sysop-green-phosphor,dark,Tabs,bg-surface,5.411534,5.411534
sysop-green-phosphor,dark,Tabs,bg-surface-hover,5.411534,5.411534
sysop-green-phosphor,dark,Tabs,bg-surface-active,5.411534,5.411534
sysop-green-phosphor,dark,Tabs,bg-selection,5.411534,5.411534
sysop-green-phosphor,dark,Tabs,bg-popover,5.411534,5.411534
sysop-green-phosphor,dark,Badge,bg-bg,5.577085,5.577085
sysop-green-phosphor,dark,Badge,bg-bg-elevated,5.411534,5.411534
sysop-green-phosphor,dark,Badge,bg-surface,5.411534,5.411534
sysop-green-phosphor,dark,Badge,bg-surface-hover,5.215390,5.215390
sysop-green-phosphor,dark,Badge,bg-surface-active,4.148815,4.148815
sysop-green-phosphor,dark,Badge,bg-selection,5.411534,5.411534
sysop-green-phosphor,dark,Badge,bg-popover,5.411534,5.411534
sysop-green-phosphor,dark,BadgeDestructive,bg-bg,5.577085,5.577085
sysop-green-phosphor,dark,BadgeDestructive,bg-bg-elevated,5.411534,5.411534
sysop-green-phosphor,dark,BadgeDestructive,bg-surface,5.411534,5.411534
sysop-green-phosphor,dark,BadgeDestructive,bg-surface-hover,5.215390,5.215390
sysop-green-phosphor,dark,BadgeDestructive,bg-surface-active,4.148815,4.148815
sysop-green-phosphor,dark,BadgeDestructive,bg-selection,5.411534,5.411534
sysop-green-phosphor,dark,BadgeDestructive,bg-popover,5.411534,5.411534
sysop-green-phosphor,dark,InputGroup,bg-bg,2.183348,5.577085
sysop-green-phosphor,dark,InputGroup,bg-bg-elevated,2.298339,5.411534
sysop-green-phosphor,dark,InputGroup,bg-surface,2.298339,5.411534
sysop-green-phosphor,dark,InputGroup,bg-surface-hover,2.307425,5.215390
sysop-green-phosphor,dark,InputGroup,bg-surface-active,2.136954,4.148815
sysop-green-phosphor,dark,InputGroup,bg-selection,2.298339,5.411534
sysop-green-phosphor,dark,InputGroup,bg-popover,2.298339,5.411534
sysop-green-phosphor,dark,InputGroupInvalid,bg-bg,2.650648,5.577085
sysop-green-phosphor,dark,InputGroupInvalid,bg-bg-elevated,2.689376,5.411534
sysop-green-phosphor,dark,InputGroupInvalid,bg-surface,2.689376,5.411534
sysop-green-phosphor,dark,InputGroupInvalid,bg-surface-hover,2.651734,5.215390
sysop-green-phosphor,dark,InputGroupInvalid,bg-surface-active,2.247836,4.148815
sysop-green-phosphor,dark,InputGroupInvalid,bg-selection,2.689376,5.411534
sysop-green-phosphor,dark,InputGroupInvalid,bg-popover,2.689376,5.411534
sysop-green-phosphor,dark,SelectInvalid,bg-bg,2.650648,5.577085
sysop-green-phosphor,dark,SelectInvalid,bg-bg-elevated,2.689376,5.411534
sysop-green-phosphor,dark,SelectInvalid,bg-surface,2.689376,5.411534
sysop-green-phosphor,dark,SelectInvalid,bg-surface-hover,2.651734,5.215390
sysop-green-phosphor,dark,SelectInvalid,bg-surface-active,2.247836,4.148815
sysop-green-phosphor,dark,SelectInvalid,bg-selection,2.689376,5.411534
sysop-green-phosphor,dark,SelectInvalid,bg-popover,2.689376,5.411534
sysop-green-phosphor,dark,BadgeInvalid,bg-bg,5.577085,5.577085
sysop-green-phosphor,dark,BadgeInvalid,bg-bg-elevated,5.411534,5.411534
sysop-green-phosphor,dark,BadgeInvalid,bg-surface,5.411534,5.411534
sysop-green-phosphor,dark,BadgeInvalid,bg-surface-hover,5.215390,5.215390
sysop-green-phosphor,dark,BadgeInvalid,bg-surface-active,4.148815,4.148815
sysop-green-phosphor,dark,BadgeInvalid,bg-selection,5.411534,5.411534
sysop-green-phosphor,dark,BadgeInvalid,bg-popover,5.411534,5.411534
sysop-green-phosphor,dark,ScrollArea,bg-bg,2.183348,5.577085
sysop-green-phosphor,dark,ScrollArea,bg-bg-elevated,2.298339,5.411534
sysop-green-phosphor,dark,ScrollArea,bg-surface,2.298339,5.411534
sysop-green-phosphor,dark,ScrollArea,bg-surface-hover,2.307425,5.215390
sysop-green-phosphor,dark,ScrollArea,bg-surface-active,2.136954,4.148815
sysop-green-phosphor,dark,ScrollArea,bg-selection,2.298339,5.411534
sysop-green-phosphor,dark,ScrollArea,bg-popover,2.298339,5.411534
sysop-green-phosphor,dark,ThemePicker,bg-bg,5.577085,5.577085
sysop-green-phosphor,dark,ThemePicker,bg-bg-elevated,5.411534,5.411534
sysop-green-phosphor,dark,ThemePicker,bg-surface,5.411534,5.411534
sysop-green-phosphor,dark,ThemePicker,bg-surface-hover,5.215390,5.215390
sysop-green-phosphor,dark,ThemePicker,bg-surface-active,4.148815,4.148815
sysop-green-phosphor,dark,ThemePicker,bg-selection,5.411534,5.411534
sysop-green-phosphor,dark,ThemePicker,bg-popover,5.411534,5.411534
sysop-green-phosphor,dark,Composer,bg-bg,5.577085,5.577085
sysop-green-phosphor,dark,Composer,bg-bg-elevated,5.411534,5.411534
sysop-green-phosphor,dark,Composer,bg-surface,5.411534,5.411534
sysop-green-phosphor,dark,Composer,bg-surface-hover,5.215390,5.215390
sysop-green-phosphor,dark,Composer,bg-surface-active,4.148815,4.148815
sysop-green-phosphor,dark,Composer,bg-selection,5.411534,5.411534
sysop-green-phosphor,dark,Composer,bg-popover,5.411534,5.411534
sysop-green-phosphor,dark,ButtonInvalid,bg-bg,2.650648,5.577085
sysop-green-phosphor,dark,ButtonInvalid,bg-bg-elevated,2.689376,5.411534
sysop-green-phosphor,dark,ButtonInvalid,bg-surface,2.689376,5.411534
sysop-green-phosphor,dark,ButtonInvalid,bg-surface-hover,2.651734,5.215390
sysop-green-phosphor,dark,ButtonInvalid,bg-surface-active,2.247836,4.148815
sysop-green-phosphor,dark,ButtonInvalid,bg-selection,2.689376,5.411534
sysop-green-phosphor,dark,ButtonInvalid,bg-popover,2.689376,5.411534
sysop-green-phosphor,dark,InputInvalid,bg-bg,2.650648,5.577085
sysop-green-phosphor,dark,InputInvalid,bg-bg-elevated,2.689376,5.411534
sysop-green-phosphor,dark,InputInvalid,bg-surface,2.689376,5.411534
sysop-green-phosphor,dark,InputInvalid,bg-surface-hover,2.651734,5.215390
sysop-green-phosphor,dark,InputInvalid,bg-surface-active,2.247836,4.148815
sysop-green-phosphor,dark,InputInvalid,bg-selection,2.689376,5.411534
sysop-green-phosphor,dark,InputInvalid,bg-popover,2.689376,5.411534
sysop-green-phosphor,dark,TextareaInvalid,bg-bg,2.650648,5.577085
sysop-green-phosphor,dark,TextareaInvalid,bg-bg-elevated,2.689376,5.411534
sysop-green-phosphor,dark,TextareaInvalid,bg-surface,2.689376,5.411534
sysop-green-phosphor,dark,TextareaInvalid,bg-surface-hover,2.651734,5.215390
sysop-green-phosphor,dark,TextareaInvalid,bg-surface-active,2.247836,4.148815
sysop-green-phosphor,dark,TextareaInvalid,bg-selection,2.689376,5.411534
sysop-green-phosphor,dark,TextareaInvalid,bg-popover,2.689376,5.411534
sysop-green-phosphor,dark,CheckboxInvalid,bg-bg,1.483624,5.577085
sysop-green-phosphor,dark,CheckboxInvalid,bg-bg-elevated,1.561777,5.411534
sysop-green-phosphor,dark,CheckboxInvalid,bg-surface,1.561777,5.411534
sysop-green-phosphor,dark,CheckboxInvalid,bg-surface-hover,1.575828,5.215390
sysop-green-phosphor,dark,CheckboxInvalid,bg-surface-active,1.482348,4.148815
sysop-green-phosphor,dark,CheckboxInvalid,bg-selection,1.561777,5.411534
sysop-green-phosphor,dark,CheckboxInvalid,bg-popover,1.561777,5.411534
sysop-green-phosphor,dark,SwitchInvalid,bg-bg,2.650648,5.577085
sysop-green-phosphor,dark,SwitchInvalid,bg-bg-elevated,2.689376,5.411534
sysop-green-phosphor,dark,SwitchInvalid,bg-surface,2.689376,5.411534
sysop-green-phosphor,dark,SwitchInvalid,bg-surface-hover,2.651734,5.215390
sysop-green-phosphor,dark,SwitchInvalid,bg-surface-active,2.247836,4.148815
sysop-green-phosphor,dark,SwitchInvalid,bg-selection,2.689376,5.411534
sysop-green-phosphor,dark,SwitchInvalid,bg-popover,2.689376,5.411534
sysop-green-phosphor,dark,HudInput,bg-bg,5.577085,5.577085
sysop-green-phosphor,dark,HudInput,bg-bg-elevated,5.411534,5.411534
sysop-green-phosphor,dark,HudInput,bg-surface,5.411534,5.411534
sysop-green-phosphor,dark,HudInput,bg-surface-hover,5.215390,5.215390
sysop-green-phosphor,dark,HudInput,bg-surface-active,4.148815,4.148815
sysop-green-phosphor,dark,HudInput,bg-selection,5.411534,5.411534
sysop-green-phosphor,dark,HudInput,bg-popover,5.411534,5.411534
sysop-green-phosphor,light,Button,bg-bg,2.345063,7.104859
sysop-green-phosphor,light,Button,bg-bg-elevated,2.392382,7.520501
sysop-green-phosphor,light,Button,bg-surface,2.270469,6.474421
sysop-green-phosphor,light,Button,bg-surface-hover,2.196235,5.911718
sysop-green-phosphor,light,Button,bg-surface-active,2.102866,5.252744
sysop-green-phosphor,light,Button,bg-selection,2.102866,5.252744
sysop-green-phosphor,light,Button,bg-popover,2.392382,7.520501
sysop-green-phosphor,light,ButtonDestructive,bg-bg,1.373844,7.104859
sysop-green-phosphor,light,ButtonDestructive,bg-bg-elevated,1.380482,7.520501
sysop-green-phosphor,light,ButtonDestructive,bg-surface,1.362256,6.474421
sysop-green-phosphor,light,ButtonDestructive,bg-surface-hover,1.351138,5.911718
sysop-green-phosphor,light,ButtonDestructive,bg-surface-active,1.335424,5.252744
sysop-green-phosphor,light,ButtonDestructive,bg-selection,1.335424,5.252744
sysop-green-phosphor,light,ButtonDestructive,bg-popover,1.380482,7.520501
sysop-green-phosphor,light,Input,bg-bg,2.345063,7.104859
sysop-green-phosphor,light,Input,bg-bg-elevated,2.392382,7.520501
sysop-green-phosphor,light,Input,bg-surface,2.270469,6.474421
sysop-green-phosphor,light,Input,bg-surface-hover,2.196235,5.911718
sysop-green-phosphor,light,Input,bg-surface-active,2.102866,5.252744
sysop-green-phosphor,light,Input,bg-selection,2.102866,5.252744
sysop-green-phosphor,light,Input,bg-popover,2.392382,7.520501
sysop-green-phosphor,light,Textarea,bg-bg,2.345063,7.104859
sysop-green-phosphor,light,Textarea,bg-bg-elevated,2.392382,7.520501
sysop-green-phosphor,light,Textarea,bg-surface,2.270469,6.474421
sysop-green-phosphor,light,Textarea,bg-surface-hover,2.196235,5.911718
sysop-green-phosphor,light,Textarea,bg-surface-active,2.102866,5.252744
sysop-green-phosphor,light,Textarea,bg-selection,2.102866,5.252744
sysop-green-phosphor,light,Textarea,bg-popover,2.392382,7.520501
sysop-green-phosphor,light,Select,bg-bg,2.345063,7.104859
sysop-green-phosphor,light,Select,bg-bg-elevated,2.392382,7.520501
sysop-green-phosphor,light,Select,bg-surface,2.270469,6.474421
sysop-green-phosphor,light,Select,bg-surface-hover,2.196235,5.911718
sysop-green-phosphor,light,Select,bg-surface-active,2.102866,5.252744
sysop-green-phosphor,light,Select,bg-selection,2.102866,5.252744
sysop-green-phosphor,light,Select,bg-popover,2.392382,7.520501
sysop-green-phosphor,light,Checkbox,bg-bg,2.345063,7.104859
sysop-green-phosphor,light,Checkbox,bg-bg-elevated,2.392382,7.520501
sysop-green-phosphor,light,Checkbox,bg-surface,2.270469,6.474421
sysop-green-phosphor,light,Checkbox,bg-surface-hover,2.196235,5.911718
sysop-green-phosphor,light,Checkbox,bg-surface-active,2.102866,5.252744
sysop-green-phosphor,light,Checkbox,bg-selection,2.102866,5.252744
sysop-green-phosphor,light,Checkbox,bg-popover,2.392382,7.520501
sysop-green-phosphor,light,Switch,bg-bg,2.345063,7.104859
sysop-green-phosphor,light,Switch,bg-bg-elevated,2.392382,7.520501
sysop-green-phosphor,light,Switch,bg-surface,2.270469,6.474421
sysop-green-phosphor,light,Switch,bg-surface-hover,2.196235,5.911718
sysop-green-phosphor,light,Switch,bg-surface-active,2.102866,5.252744
sysop-green-phosphor,light,Switch,bg-selection,2.102866,5.252744
sysop-green-phosphor,light,Switch,bg-popover,2.392382,7.520501
sysop-green-phosphor,light,Tabs,bg-bg,7.520501,7.520501
sysop-green-phosphor,light,Tabs,bg-bg-elevated,7.520501,7.520501
sysop-green-phosphor,light,Tabs,bg-surface,7.520501,7.520501
sysop-green-phosphor,light,Tabs,bg-surface-hover,7.520501,7.520501
sysop-green-phosphor,light,Tabs,bg-surface-active,7.520501,7.520501
sysop-green-phosphor,light,Tabs,bg-selection,7.520501,7.520501
sysop-green-phosphor,light,Tabs,bg-popover,7.520501,7.520501
sysop-green-phosphor,light,Badge,bg-bg,7.104859,7.104859
sysop-green-phosphor,light,Badge,bg-bg-elevated,7.520501,7.520501
sysop-green-phosphor,light,Badge,bg-surface,6.474421,6.474421
sysop-green-phosphor,light,Badge,bg-surface-hover,5.911718,5.911718
sysop-green-phosphor,light,Badge,bg-surface-active,5.252744,5.252744
sysop-green-phosphor,light,Badge,bg-selection,5.252744,5.252744
sysop-green-phosphor,light,Badge,bg-popover,7.520501,7.520501
sysop-green-phosphor,light,BadgeDestructive,bg-bg,7.104859,7.104859
sysop-green-phosphor,light,BadgeDestructive,bg-bg-elevated,7.520501,7.520501
sysop-green-phosphor,light,BadgeDestructive,bg-surface,6.474421,6.474421
sysop-green-phosphor,light,BadgeDestructive,bg-surface-hover,5.911718,5.911718
sysop-green-phosphor,light,BadgeDestructive,bg-surface-active,5.252744,5.252744
sysop-green-phosphor,light,BadgeDestructive,bg-selection,5.252744,5.252744
sysop-green-phosphor,light,BadgeDestructive,bg-popover,7.520501,7.520501
sysop-green-phosphor,light,InputGroup,bg-bg,2.345063,7.104859
sysop-green-phosphor,light,InputGroup,bg-bg-elevated,2.392382,7.520501
sysop-green-phosphor,light,InputGroup,bg-surface,2.270469,6.474421
sysop-green-phosphor,light,InputGroup,bg-surface-hover,2.196235,5.911718
sysop-green-phosphor,light,InputGroup,bg-surface-active,2.102866,5.252744
sysop-green-phosphor,light,InputGroup,bg-selection,2.102866,5.252744
sysop-green-phosphor,light,InputGroup,bg-popover,2.392382,7.520501
sysop-green-phosphor,light,InputGroupInvalid,bg-bg,1.373844,7.104859
sysop-green-phosphor,light,InputGroupInvalid,bg-bg-elevated,1.380482,7.520501
sysop-green-phosphor,light,InputGroupInvalid,bg-surface,1.362256,6.474421
sysop-green-phosphor,light,InputGroupInvalid,bg-surface-hover,1.351138,5.911718
sysop-green-phosphor,light,InputGroupInvalid,bg-surface-active,1.335424,5.252744
sysop-green-phosphor,light,InputGroupInvalid,bg-selection,1.335424,5.252744
sysop-green-phosphor,light,InputGroupInvalid,bg-popover,1.380482,7.520501
sysop-green-phosphor,light,SelectInvalid,bg-bg,1.373844,7.104859
sysop-green-phosphor,light,SelectInvalid,bg-bg-elevated,1.380482,7.520501
sysop-green-phosphor,light,SelectInvalid,bg-surface,1.362256,6.474421
sysop-green-phosphor,light,SelectInvalid,bg-surface-hover,1.351138,5.911718
sysop-green-phosphor,light,SelectInvalid,bg-surface-active,1.335424,5.252744
sysop-green-phosphor,light,SelectInvalid,bg-selection,1.335424,5.252744
sysop-green-phosphor,light,SelectInvalid,bg-popover,1.380482,7.520501
sysop-green-phosphor,light,BadgeInvalid,bg-bg,7.104859,7.104859
sysop-green-phosphor,light,BadgeInvalid,bg-bg-elevated,7.520501,7.520501
sysop-green-phosphor,light,BadgeInvalid,bg-surface,6.474421,6.474421
sysop-green-phosphor,light,BadgeInvalid,bg-surface-hover,5.911718,5.911718
sysop-green-phosphor,light,BadgeInvalid,bg-surface-active,5.252744,5.252744
sysop-green-phosphor,light,BadgeInvalid,bg-selection,5.252744,5.252744
sysop-green-phosphor,light,BadgeInvalid,bg-popover,7.520501,7.520501
sysop-green-phosphor,light,ScrollArea,bg-bg,2.345063,7.104859
sysop-green-phosphor,light,ScrollArea,bg-bg-elevated,2.392382,7.520501
sysop-green-phosphor,light,ScrollArea,bg-surface,2.270469,6.474421
sysop-green-phosphor,light,ScrollArea,bg-surface-hover,2.196235,5.911718
sysop-green-phosphor,light,ScrollArea,bg-surface-active,2.102866,5.252744
sysop-green-phosphor,light,ScrollArea,bg-selection,2.102866,5.252744
sysop-green-phosphor,light,ScrollArea,bg-popover,2.392382,7.520501
sysop-green-phosphor,light,ThemePicker,bg-bg,7.104859,7.104859
sysop-green-phosphor,light,ThemePicker,bg-bg-elevated,7.520501,7.520501
sysop-green-phosphor,light,ThemePicker,bg-surface,6.474421,6.474421
sysop-green-phosphor,light,ThemePicker,bg-surface-hover,5.911718,5.911718
sysop-green-phosphor,light,ThemePicker,bg-surface-active,5.252744,5.252744
sysop-green-phosphor,light,ThemePicker,bg-selection,5.252744,5.252744
sysop-green-phosphor,light,ThemePicker,bg-popover,7.520501,7.520501
sysop-green-phosphor,light,Composer,bg-bg,7.104859,7.104859
sysop-green-phosphor,light,Composer,bg-bg-elevated,7.520501,7.520501
sysop-green-phosphor,light,Composer,bg-surface,6.474421,6.474421
sysop-green-phosphor,light,Composer,bg-surface-hover,5.911718,5.911718
sysop-green-phosphor,light,Composer,bg-surface-active,5.252744,5.252744
sysop-green-phosphor,light,Composer,bg-selection,5.252744,5.252744
sysop-green-phosphor,light,Composer,bg-popover,7.520501,7.520501
sysop-green-phosphor,light,ButtonInvalid,bg-bg,1.373844,7.104859
sysop-green-phosphor,light,ButtonInvalid,bg-bg-elevated,1.380482,7.520501
sysop-green-phosphor,light,ButtonInvalid,bg-surface,1.362256,6.474421
sysop-green-phosphor,light,ButtonInvalid,bg-surface-hover,1.351138,5.911718
sysop-green-phosphor,light,ButtonInvalid,bg-surface-active,1.335424,5.252744
sysop-green-phosphor,light,ButtonInvalid,bg-selection,1.335424,5.252744
sysop-green-phosphor,light,ButtonInvalid,bg-popover,1.380482,7.520501
sysop-green-phosphor,light,InputInvalid,bg-bg,1.373844,7.104859
sysop-green-phosphor,light,InputInvalid,bg-bg-elevated,1.380482,7.520501
sysop-green-phosphor,light,InputInvalid,bg-surface,1.362256,6.474421
sysop-green-phosphor,light,InputInvalid,bg-surface-hover,1.351138,5.911718
sysop-green-phosphor,light,InputInvalid,bg-surface-active,1.335424,5.252744
sysop-green-phosphor,light,InputInvalid,bg-selection,1.335424,5.252744
sysop-green-phosphor,light,InputInvalid,bg-popover,1.380482,7.520501
sysop-green-phosphor,light,TextareaInvalid,bg-bg,1.373844,7.104859
sysop-green-phosphor,light,TextareaInvalid,bg-bg-elevated,1.380482,7.520501
sysop-green-phosphor,light,TextareaInvalid,bg-surface,1.362256,6.474421
sysop-green-phosphor,light,TextareaInvalid,bg-surface-hover,1.351138,5.911718
sysop-green-phosphor,light,TextareaInvalid,bg-surface-active,1.335424,5.252744
sysop-green-phosphor,light,TextareaInvalid,bg-selection,1.335424,5.252744
sysop-green-phosphor,light,TextareaInvalid,bg-popover,1.380482,7.520501
sysop-green-phosphor,light,CheckboxInvalid,bg-bg,1.373844,7.104859
sysop-green-phosphor,light,CheckboxInvalid,bg-bg-elevated,1.380482,7.520501
sysop-green-phosphor,light,CheckboxInvalid,bg-surface,1.362256,6.474421
sysop-green-phosphor,light,CheckboxInvalid,bg-surface-hover,1.351138,5.911718
sysop-green-phosphor,light,CheckboxInvalid,bg-surface-active,1.335424,5.252744
sysop-green-phosphor,light,CheckboxInvalid,bg-selection,1.335424,5.252744
sysop-green-phosphor,light,CheckboxInvalid,bg-popover,1.380482,7.520501
sysop-green-phosphor,light,SwitchInvalid,bg-bg,1.373844,7.104859
sysop-green-phosphor,light,SwitchInvalid,bg-bg-elevated,1.380482,7.520501
sysop-green-phosphor,light,SwitchInvalid,bg-surface,1.362256,6.474421
sysop-green-phosphor,light,SwitchInvalid,bg-surface-hover,1.351138,5.911718
sysop-green-phosphor,light,SwitchInvalid,bg-surface-active,1.335424,5.252744
sysop-green-phosphor,light,SwitchInvalid,bg-selection,1.335424,5.252744
sysop-green-phosphor,light,SwitchInvalid,bg-popover,1.380482,7.520501
sysop-green-phosphor,light,HudInput,bg-bg,7.104859,7.104859
sysop-green-phosphor,light,HudInput,bg-bg-elevated,7.520501,7.520501
sysop-green-phosphor,light,HudInput,bg-surface,6.474421,6.474421
sysop-green-phosphor,light,HudInput,bg-surface-hover,5.911718,5.911718
sysop-green-phosphor,light,HudInput,bg-surface-active,5.252744,5.252744
sysop-green-phosphor,light,HudInput,bg-selection,5.252744,5.252744
sysop-green-phosphor,light,HudInput,bg-popover,7.520501,7.520501
sysop-amber-phosphor,dark,Button,bg-bg,1.987561,4.783090
sysop-amber-phosphor,dark,Button,bg-bg-elevated,2.091127,4.693542
sysop-amber-phosphor,dark,Button,bg-surface,2.091127,4.693542
sysop-amber-phosphor,dark,Button,bg-surface-hover,2.105959,4.566884
sysop-amber-phosphor,dark,Button,bg-surface-active,2.003695,3.818809
sysop-amber-phosphor,dark,Button,bg-selection,2.091127,4.693542
sysop-amber-phosphor,dark,Button,bg-popover,2.091127,4.693542
sysop-amber-phosphor,dark,ButtonDestructive,bg-bg,2.042348,4.783090
sysop-amber-phosphor,dark,ButtonDestructive,bg-bg-elevated,2.096465,4.693542
sysop-amber-phosphor,dark,ButtonDestructive,bg-surface,2.096465,4.693542
sysop-amber-phosphor,dark,ButtonDestructive,bg-surface-hover,2.084265,4.566884
sysop-amber-phosphor,dark,ButtonDestructive,bg-surface-active,1.898440,3.818809
sysop-amber-phosphor,dark,ButtonDestructive,bg-selection,2.096465,4.693542
sysop-amber-phosphor,dark,ButtonDestructive,bg-popover,2.096465,4.693542
sysop-amber-phosphor,dark,Input,bg-bg,1.987561,4.783090
sysop-amber-phosphor,dark,Input,bg-bg-elevated,2.091127,4.693542
sysop-amber-phosphor,dark,Input,bg-surface,2.091127,4.693542
sysop-amber-phosphor,dark,Input,bg-surface-hover,2.105959,4.566884
sysop-amber-phosphor,dark,Input,bg-surface-active,2.003695,3.818809
sysop-amber-phosphor,dark,Input,bg-selection,2.091127,4.693542
sysop-amber-phosphor,dark,Input,bg-popover,2.091127,4.693542
sysop-amber-phosphor,dark,Textarea,bg-bg,1.987561,4.783090
sysop-amber-phosphor,dark,Textarea,bg-bg-elevated,2.091127,4.693542
sysop-amber-phosphor,dark,Textarea,bg-surface,2.091127,4.693542
sysop-amber-phosphor,dark,Textarea,bg-surface-hover,2.105959,4.566884
sysop-amber-phosphor,dark,Textarea,bg-surface-active,2.003695,3.818809
sysop-amber-phosphor,dark,Textarea,bg-selection,2.091127,4.693542
sysop-amber-phosphor,dark,Textarea,bg-popover,2.091127,4.693542
sysop-amber-phosphor,dark,Select,bg-bg,1.987561,4.783090
sysop-amber-phosphor,dark,Select,bg-bg-elevated,2.091127,4.693542
sysop-amber-phosphor,dark,Select,bg-surface,2.091127,4.693542
sysop-amber-phosphor,dark,Select,bg-surface-hover,2.105959,4.566884
sysop-amber-phosphor,dark,Select,bg-surface-active,2.003695,3.818809
sysop-amber-phosphor,dark,Select,bg-selection,2.091127,4.693542
sysop-amber-phosphor,dark,Select,bg-popover,2.091127,4.693542
sysop-amber-phosphor,dark,Checkbox,bg-bg,1.987561,4.783090
sysop-amber-phosphor,dark,Checkbox,bg-bg-elevated,2.091127,4.693542
sysop-amber-phosphor,dark,Checkbox,bg-surface,2.091127,4.693542
sysop-amber-phosphor,dark,Checkbox,bg-surface-hover,2.105959,4.566884
sysop-amber-phosphor,dark,Checkbox,bg-surface-active,2.003695,3.818809
sysop-amber-phosphor,dark,Checkbox,bg-selection,2.091127,4.693542
sysop-amber-phosphor,dark,Checkbox,bg-popover,2.091127,4.693542
sysop-amber-phosphor,dark,Switch,bg-bg,1.987561,4.783090
sysop-amber-phosphor,dark,Switch,bg-bg-elevated,2.091127,4.693542
sysop-amber-phosphor,dark,Switch,bg-surface,2.091127,4.693542
sysop-amber-phosphor,dark,Switch,bg-surface-hover,2.105959,4.566884
sysop-amber-phosphor,dark,Switch,bg-surface-active,2.003695,3.818809
sysop-amber-phosphor,dark,Switch,bg-selection,2.091127,4.693542
sysop-amber-phosphor,dark,Switch,bg-popover,2.091127,4.693542
sysop-amber-phosphor,dark,Tabs,bg-bg,4.693542,4.693542
sysop-amber-phosphor,dark,Tabs,bg-bg-elevated,4.693542,4.693542
sysop-amber-phosphor,dark,Tabs,bg-surface,4.693542,4.693542
sysop-amber-phosphor,dark,Tabs,bg-surface-hover,4.693542,4.693542
sysop-amber-phosphor,dark,Tabs,bg-surface-active,4.693542,4.693542
sysop-amber-phosphor,dark,Tabs,bg-selection,4.693542,4.693542
sysop-amber-phosphor,dark,Tabs,bg-popover,4.693542,4.693542
sysop-amber-phosphor,dark,Badge,bg-bg,4.783090,4.783090
sysop-amber-phosphor,dark,Badge,bg-bg-elevated,4.693542,4.693542
sysop-amber-phosphor,dark,Badge,bg-surface,4.693542,4.693542
sysop-amber-phosphor,dark,Badge,bg-surface-hover,4.566884,4.566884
sysop-amber-phosphor,dark,Badge,bg-surface-active,3.818809,3.818809
sysop-amber-phosphor,dark,Badge,bg-selection,4.693542,4.693542
sysop-amber-phosphor,dark,Badge,bg-popover,4.693542,4.693542
sysop-amber-phosphor,dark,BadgeDestructive,bg-bg,4.783090,4.783090
sysop-amber-phosphor,dark,BadgeDestructive,bg-bg-elevated,4.693542,4.693542
sysop-amber-phosphor,dark,BadgeDestructive,bg-surface,4.693542,4.693542
sysop-amber-phosphor,dark,BadgeDestructive,bg-surface-hover,4.566884,4.566884
sysop-amber-phosphor,dark,BadgeDestructive,bg-surface-active,3.818809,3.818809
sysop-amber-phosphor,dark,BadgeDestructive,bg-selection,4.693542,4.693542
sysop-amber-phosphor,dark,BadgeDestructive,bg-popover,4.693542,4.693542
sysop-amber-phosphor,dark,InputGroup,bg-bg,1.987561,4.783090
sysop-amber-phosphor,dark,InputGroup,bg-bg-elevated,2.091127,4.693542
sysop-amber-phosphor,dark,InputGroup,bg-surface,2.091127,4.693542
sysop-amber-phosphor,dark,InputGroup,bg-surface-hover,2.105959,4.566884
sysop-amber-phosphor,dark,InputGroup,bg-surface-active,2.003695,3.818809
sysop-amber-phosphor,dark,InputGroup,bg-selection,2.091127,4.693542
sysop-amber-phosphor,dark,InputGroup,bg-popover,2.091127,4.693542
sysop-amber-phosphor,dark,InputGroupInvalid,bg-bg,2.042348,4.783090
sysop-amber-phosphor,dark,InputGroupInvalid,bg-bg-elevated,2.096465,4.693542
sysop-amber-phosphor,dark,InputGroupInvalid,bg-surface,2.096465,4.693542
sysop-amber-phosphor,dark,InputGroupInvalid,bg-surface-hover,2.084265,4.566884
sysop-amber-phosphor,dark,InputGroupInvalid,bg-surface-active,1.898440,3.818809
sysop-amber-phosphor,dark,InputGroupInvalid,bg-selection,2.096465,4.693542
sysop-amber-phosphor,dark,InputGroupInvalid,bg-popover,2.096465,4.693542
sysop-amber-phosphor,dark,SelectInvalid,bg-bg,2.042348,4.783090
sysop-amber-phosphor,dark,SelectInvalid,bg-bg-elevated,2.096465,4.693542
sysop-amber-phosphor,dark,SelectInvalid,bg-surface,2.096465,4.693542
sysop-amber-phosphor,dark,SelectInvalid,bg-surface-hover,2.084265,4.566884
sysop-amber-phosphor,dark,SelectInvalid,bg-surface-active,1.898440,3.818809
sysop-amber-phosphor,dark,SelectInvalid,bg-selection,2.096465,4.693542
sysop-amber-phosphor,dark,SelectInvalid,bg-popover,2.096465,4.693542
sysop-amber-phosphor,dark,BadgeInvalid,bg-bg,4.783090,4.783090
sysop-amber-phosphor,dark,BadgeInvalid,bg-bg-elevated,4.693542,4.693542
sysop-amber-phosphor,dark,BadgeInvalid,bg-surface,4.693542,4.693542
sysop-amber-phosphor,dark,BadgeInvalid,bg-surface-hover,4.566884,4.566884
sysop-amber-phosphor,dark,BadgeInvalid,bg-surface-active,3.818809,3.818809
sysop-amber-phosphor,dark,BadgeInvalid,bg-selection,4.693542,4.693542
sysop-amber-phosphor,dark,BadgeInvalid,bg-popover,4.693542,4.693542
sysop-amber-phosphor,dark,ScrollArea,bg-bg,1.987561,4.783090
sysop-amber-phosphor,dark,ScrollArea,bg-bg-elevated,2.091127,4.693542
sysop-amber-phosphor,dark,ScrollArea,bg-surface,2.091127,4.693542
sysop-amber-phosphor,dark,ScrollArea,bg-surface-hover,2.105959,4.566884
sysop-amber-phosphor,dark,ScrollArea,bg-surface-active,2.003695,3.818809
sysop-amber-phosphor,dark,ScrollArea,bg-selection,2.091127,4.693542
sysop-amber-phosphor,dark,ScrollArea,bg-popover,2.091127,4.693542
sysop-amber-phosphor,dark,ThemePicker,bg-bg,4.783090,4.783090
sysop-amber-phosphor,dark,ThemePicker,bg-bg-elevated,4.693542,4.693542
sysop-amber-phosphor,dark,ThemePicker,bg-surface,4.693542,4.693542
sysop-amber-phosphor,dark,ThemePicker,bg-surface-hover,4.566884,4.566884
sysop-amber-phosphor,dark,ThemePicker,bg-surface-active,3.818809,3.818809
sysop-amber-phosphor,dark,ThemePicker,bg-selection,4.693542,4.693542
sysop-amber-phosphor,dark,ThemePicker,bg-popover,4.693542,4.693542
sysop-amber-phosphor,dark,Composer,bg-bg,4.783090,4.783090
sysop-amber-phosphor,dark,Composer,bg-bg-elevated,4.693542,4.693542
sysop-amber-phosphor,dark,Composer,bg-surface,4.693542,4.693542
sysop-amber-phosphor,dark,Composer,bg-surface-hover,4.566884,4.566884
sysop-amber-phosphor,dark,Composer,bg-surface-active,3.818809,3.818809
sysop-amber-phosphor,dark,Composer,bg-selection,4.693542,4.693542
sysop-amber-phosphor,dark,Composer,bg-popover,4.693542,4.693542
sysop-amber-phosphor,dark,ButtonInvalid,bg-bg,2.042348,4.783090
sysop-amber-phosphor,dark,ButtonInvalid,bg-bg-elevated,2.096465,4.693542
sysop-amber-phosphor,dark,ButtonInvalid,bg-surface,2.096465,4.693542
sysop-amber-phosphor,dark,ButtonInvalid,bg-surface-hover,2.084265,4.566884
sysop-amber-phosphor,dark,ButtonInvalid,bg-surface-active,1.898440,3.818809
sysop-amber-phosphor,dark,ButtonInvalid,bg-selection,2.096465,4.693542
sysop-amber-phosphor,dark,ButtonInvalid,bg-popover,2.096465,4.693542
sysop-amber-phosphor,dark,InputInvalid,bg-bg,2.042348,4.783090
sysop-amber-phosphor,dark,InputInvalid,bg-bg-elevated,2.096465,4.693542
sysop-amber-phosphor,dark,InputInvalid,bg-surface,2.096465,4.693542
sysop-amber-phosphor,dark,InputInvalid,bg-surface-hover,2.084265,4.566884
sysop-amber-phosphor,dark,InputInvalid,bg-surface-active,1.898440,3.818809
sysop-amber-phosphor,dark,InputInvalid,bg-selection,2.096465,4.693542
sysop-amber-phosphor,dark,InputInvalid,bg-popover,2.096465,4.693542
sysop-amber-phosphor,dark,TextareaInvalid,bg-bg,2.042348,4.783090
sysop-amber-phosphor,dark,TextareaInvalid,bg-bg-elevated,2.096465,4.693542
sysop-amber-phosphor,dark,TextareaInvalid,bg-surface,2.096465,4.693542
sysop-amber-phosphor,dark,TextareaInvalid,bg-surface-hover,2.084265,4.566884
sysop-amber-phosphor,dark,TextareaInvalid,bg-surface-active,1.898440,3.818809
sysop-amber-phosphor,dark,TextareaInvalid,bg-selection,2.096465,4.693542
sysop-amber-phosphor,dark,TextareaInvalid,bg-popover,2.096465,4.693542
sysop-amber-phosphor,dark,CheckboxInvalid,bg-bg,1.323790,4.783090
sysop-amber-phosphor,dark,CheckboxInvalid,bg-bg-elevated,1.389326,4.693542
sysop-amber-phosphor,dark,CheckboxInvalid,bg-surface,1.389326,4.693542
sysop-amber-phosphor,dark,CheckboxInvalid,bg-surface-hover,1.403144,4.566884
sysop-amber-phosphor,dark,CheckboxInvalid,bg-surface-active,1.377258,3.818809
sysop-amber-phosphor,dark,CheckboxInvalid,bg-selection,1.389326,4.693542
sysop-amber-phosphor,dark,CheckboxInvalid,bg-popover,1.389326,4.693542
sysop-amber-phosphor,dark,SwitchInvalid,bg-bg,2.042348,4.783090
sysop-amber-phosphor,dark,SwitchInvalid,bg-bg-elevated,2.096465,4.693542
sysop-amber-phosphor,dark,SwitchInvalid,bg-surface,2.096465,4.693542
sysop-amber-phosphor,dark,SwitchInvalid,bg-surface-hover,2.084265,4.566884
sysop-amber-phosphor,dark,SwitchInvalid,bg-surface-active,1.898440,3.818809
sysop-amber-phosphor,dark,SwitchInvalid,bg-selection,2.096465,4.693542
sysop-amber-phosphor,dark,SwitchInvalid,bg-popover,2.096465,4.693542
sysop-amber-phosphor,dark,HudInput,bg-bg,4.783090,4.783090
sysop-amber-phosphor,dark,HudInput,bg-bg-elevated,4.693542,4.693542
sysop-amber-phosphor,dark,HudInput,bg-surface,4.693542,4.693542
sysop-amber-phosphor,dark,HudInput,bg-surface-hover,4.566884,4.566884
sysop-amber-phosphor,dark,HudInput,bg-surface-active,3.818809,3.818809
sysop-amber-phosphor,dark,HudInput,bg-selection,4.693542,4.693542
sysop-amber-phosphor,dark,HudInput,bg-popover,4.693542,4.693542
sysop-amber-phosphor,light,Button,bg-bg,2.318602,6.854038
sysop-amber-phosphor,light,Button,bg-bg-elevated,2.349237,7.091338
sysop-amber-phosphor,light,Button,bg-surface,2.222913,6.070668
sysop-amber-phosphor,light,Button,bg-surface-hover,2.136424,5.450314
sysop-amber-phosphor,light,Button,bg-surface-active,2.055401,4.919040
sysop-amber-phosphor,light,Button,bg-selection,2.055401,4.919040
sysop-amber-phosphor,light,Button,bg-popover,2.349237,7.091338
sysop-amber-phosphor,light,ButtonDestructive,bg-bg,1.391211,6.854038
sysop-amber-phosphor,light,ButtonDestructive,bg-bg-elevated,1.397260,7.091338
sysop-amber-phosphor,light,ButtonDestructive,bg-surface,1.373253,6.070668
sysop-amber-phosphor,light,ButtonDestructive,bg-surface-hover,1.355874,5.450314
sysop-amber-phosphor,light,ButtonDestructive,bg-surface-active,1.338924,4.919040
sysop-amber-phosphor,light,ButtonDestructive,bg-selection,1.338924,4.919040
sysop-amber-phosphor,light,ButtonDestructive,bg-popover,1.397260,7.091338
sysop-amber-phosphor,light,Input,bg-bg,2.318602,6.854038
sysop-amber-phosphor,light,Input,bg-bg-elevated,2.349237,7.091338
sysop-amber-phosphor,light,Input,bg-surface,2.222913,6.070668
sysop-amber-phosphor,light,Input,bg-surface-hover,2.136424,5.450314
sysop-amber-phosphor,light,Input,bg-surface-active,2.055401,4.919040
sysop-amber-phosphor,light,Input,bg-selection,2.055401,4.919040
sysop-amber-phosphor,light,Input,bg-popover,2.349237,7.091338
sysop-amber-phosphor,light,Textarea,bg-bg,2.318602,6.854038
sysop-amber-phosphor,light,Textarea,bg-bg-elevated,2.349237,7.091338
sysop-amber-phosphor,light,Textarea,bg-surface,2.222913,6.070668
sysop-amber-phosphor,light,Textarea,bg-surface-hover,2.136424,5.450314
sysop-amber-phosphor,light,Textarea,bg-surface-active,2.055401,4.919040
sysop-amber-phosphor,light,Textarea,bg-selection,2.055401,4.919040
sysop-amber-phosphor,light,Textarea,bg-popover,2.349237,7.091338
sysop-amber-phosphor,light,Select,bg-bg,2.318602,6.854038
sysop-amber-phosphor,light,Select,bg-bg-elevated,2.349237,7.091338
sysop-amber-phosphor,light,Select,bg-surface,2.222913,6.070668
sysop-amber-phosphor,light,Select,bg-surface-hover,2.136424,5.450314
sysop-amber-phosphor,light,Select,bg-surface-active,2.055401,4.919040
sysop-amber-phosphor,light,Select,bg-selection,2.055401,4.919040
sysop-amber-phosphor,light,Select,bg-popover,2.349237,7.091338
sysop-amber-phosphor,light,Checkbox,bg-bg,2.318602,6.854038
sysop-amber-phosphor,light,Checkbox,bg-bg-elevated,2.349237,7.091338
sysop-amber-phosphor,light,Checkbox,bg-surface,2.222913,6.070668
sysop-amber-phosphor,light,Checkbox,bg-surface-hover,2.136424,5.450314
sysop-amber-phosphor,light,Checkbox,bg-surface-active,2.055401,4.919040
sysop-amber-phosphor,light,Checkbox,bg-selection,2.055401,4.919040
sysop-amber-phosphor,light,Checkbox,bg-popover,2.349237,7.091338
sysop-amber-phosphor,light,Switch,bg-bg,2.318602,6.854038
sysop-amber-phosphor,light,Switch,bg-bg-elevated,2.349237,7.091338
sysop-amber-phosphor,light,Switch,bg-surface,2.222913,6.070668
sysop-amber-phosphor,light,Switch,bg-surface-hover,2.136424,5.450314
sysop-amber-phosphor,light,Switch,bg-surface-active,2.055401,4.919040
sysop-amber-phosphor,light,Switch,bg-selection,2.055401,4.919040
sysop-amber-phosphor,light,Switch,bg-popover,2.349237,7.091338
sysop-amber-phosphor,light,Tabs,bg-bg,7.091338,7.091338
sysop-amber-phosphor,light,Tabs,bg-bg-elevated,7.091338,7.091338
sysop-amber-phosphor,light,Tabs,bg-surface,7.091338,7.091338
sysop-amber-phosphor,light,Tabs,bg-surface-hover,7.091338,7.091338
sysop-amber-phosphor,light,Tabs,bg-surface-active,7.091338,7.091338
sysop-amber-phosphor,light,Tabs,bg-selection,7.091338,7.091338
sysop-amber-phosphor,light,Tabs,bg-popover,7.091338,7.091338
sysop-amber-phosphor,light,Badge,bg-bg,6.854038,6.854038
sysop-amber-phosphor,light,Badge,bg-bg-elevated,7.091338,7.091338
sysop-amber-phosphor,light,Badge,bg-surface,6.070668,6.070668
sysop-amber-phosphor,light,Badge,bg-surface-hover,5.450314,5.450314
sysop-amber-phosphor,light,Badge,bg-surface-active,4.919040,4.919040
sysop-amber-phosphor,light,Badge,bg-selection,4.919040,4.919040
sysop-amber-phosphor,light,Badge,bg-popover,7.091338,7.091338
sysop-amber-phosphor,light,BadgeDestructive,bg-bg,6.854038,6.854038
sysop-amber-phosphor,light,BadgeDestructive,bg-bg-elevated,7.091338,7.091338
sysop-amber-phosphor,light,BadgeDestructive,bg-surface,6.070668,6.070668
sysop-amber-phosphor,light,BadgeDestructive,bg-surface-hover,5.450314,5.450314
sysop-amber-phosphor,light,BadgeDestructive,bg-surface-active,4.919040,4.919040
sysop-amber-phosphor,light,BadgeDestructive,bg-selection,4.919040,4.919040
sysop-amber-phosphor,light,BadgeDestructive,bg-popover,7.091338,7.091338
sysop-amber-phosphor,light,InputGroup,bg-bg,2.318602,6.854038
sysop-amber-phosphor,light,InputGroup,bg-bg-elevated,2.349237,7.091338
sysop-amber-phosphor,light,InputGroup,bg-surface,2.222913,6.070668
sysop-amber-phosphor,light,InputGroup,bg-surface-hover,2.136424,5.450314
sysop-amber-phosphor,light,InputGroup,bg-surface-active,2.055401,4.919040
sysop-amber-phosphor,light,InputGroup,bg-selection,2.055401,4.919040
sysop-amber-phosphor,light,InputGroup,bg-popover,2.349237,7.091338
sysop-amber-phosphor,light,InputGroupInvalid,bg-bg,1.391211,6.854038
sysop-amber-phosphor,light,InputGroupInvalid,bg-bg-elevated,1.397260,7.091338
sysop-amber-phosphor,light,InputGroupInvalid,bg-surface,1.373253,6.070668
sysop-amber-phosphor,light,InputGroupInvalid,bg-surface-hover,1.355874,5.450314
sysop-amber-phosphor,light,InputGroupInvalid,bg-surface-active,1.338924,4.919040
sysop-amber-phosphor,light,InputGroupInvalid,bg-selection,1.338924,4.919040
sysop-amber-phosphor,light,InputGroupInvalid,bg-popover,1.397260,7.091338
sysop-amber-phosphor,light,SelectInvalid,bg-bg,1.391211,6.854038
sysop-amber-phosphor,light,SelectInvalid,bg-bg-elevated,1.397260,7.091338
sysop-amber-phosphor,light,SelectInvalid,bg-surface,1.373253,6.070668
sysop-amber-phosphor,light,SelectInvalid,bg-surface-hover,1.355874,5.450314
sysop-amber-phosphor,light,SelectInvalid,bg-surface-active,1.338924,4.919040
sysop-amber-phosphor,light,SelectInvalid,bg-selection,1.338924,4.919040
sysop-amber-phosphor,light,SelectInvalid,bg-popover,1.397260,7.091338
sysop-amber-phosphor,light,BadgeInvalid,bg-bg,6.854038,6.854038
sysop-amber-phosphor,light,BadgeInvalid,bg-bg-elevated,7.091338,7.091338
sysop-amber-phosphor,light,BadgeInvalid,bg-surface,6.070668,6.070668
sysop-amber-phosphor,light,BadgeInvalid,bg-surface-hover,5.450314,5.450314
sysop-amber-phosphor,light,BadgeInvalid,bg-surface-active,4.919040,4.919040
sysop-amber-phosphor,light,BadgeInvalid,bg-selection,4.919040,4.919040
sysop-amber-phosphor,light,BadgeInvalid,bg-popover,7.091338,7.091338
sysop-amber-phosphor,light,ScrollArea,bg-bg,2.318602,6.854038
sysop-amber-phosphor,light,ScrollArea,bg-bg-elevated,2.349237,7.091338
sysop-amber-phosphor,light,ScrollArea,bg-surface,2.222913,6.070668
sysop-amber-phosphor,light,ScrollArea,bg-surface-hover,2.136424,5.450314
sysop-amber-phosphor,light,ScrollArea,bg-surface-active,2.055401,4.919040
sysop-amber-phosphor,light,ScrollArea,bg-selection,2.055401,4.919040
sysop-amber-phosphor,light,ScrollArea,bg-popover,2.349237,7.091338
sysop-amber-phosphor,light,ThemePicker,bg-bg,6.854038,6.854038
sysop-amber-phosphor,light,ThemePicker,bg-bg-elevated,7.091338,7.091338
sysop-amber-phosphor,light,ThemePicker,bg-surface,6.070668,6.070668
sysop-amber-phosphor,light,ThemePicker,bg-surface-hover,5.450314,5.450314
sysop-amber-phosphor,light,ThemePicker,bg-surface-active,4.919040,4.919040
sysop-amber-phosphor,light,ThemePicker,bg-selection,4.919040,4.919040
sysop-amber-phosphor,light,ThemePicker,bg-popover,7.091338,7.091338
sysop-amber-phosphor,light,Composer,bg-bg,6.854038,6.854038
sysop-amber-phosphor,light,Composer,bg-bg-elevated,7.091338,7.091338
sysop-amber-phosphor,light,Composer,bg-surface,6.070668,6.070668
sysop-amber-phosphor,light,Composer,bg-surface-hover,5.450314,5.450314
sysop-amber-phosphor,light,Composer,bg-surface-active,4.919040,4.919040
sysop-amber-phosphor,light,Composer,bg-selection,4.919040,4.919040
sysop-amber-phosphor,light,Composer,bg-popover,7.091338,7.091338
sysop-amber-phosphor,light,ButtonInvalid,bg-bg,1.391211,6.854038
sysop-amber-phosphor,light,ButtonInvalid,bg-bg-elevated,1.397260,7.091338
sysop-amber-phosphor,light,ButtonInvalid,bg-surface,1.373253,6.070668
sysop-amber-phosphor,light,ButtonInvalid,bg-surface-hover,1.355874,5.450314
sysop-amber-phosphor,light,ButtonInvalid,bg-surface-active,1.338924,4.919040
sysop-amber-phosphor,light,ButtonInvalid,bg-selection,1.338924,4.919040
sysop-amber-phosphor,light,ButtonInvalid,bg-popover,1.397260,7.091338
sysop-amber-phosphor,light,InputInvalid,bg-bg,1.391211,6.854038
sysop-amber-phosphor,light,InputInvalid,bg-bg-elevated,1.397260,7.091338
sysop-amber-phosphor,light,InputInvalid,bg-surface,1.373253,6.070668
sysop-amber-phosphor,light,InputInvalid,bg-surface-hover,1.355874,5.450314
sysop-amber-phosphor,light,InputInvalid,bg-surface-active,1.338924,4.919040
sysop-amber-phosphor,light,InputInvalid,bg-selection,1.338924,4.919040
sysop-amber-phosphor,light,InputInvalid,bg-popover,1.397260,7.091338
sysop-amber-phosphor,light,TextareaInvalid,bg-bg,1.391211,6.854038
sysop-amber-phosphor,light,TextareaInvalid,bg-bg-elevated,1.397260,7.091338
sysop-amber-phosphor,light,TextareaInvalid,bg-surface,1.373253,6.070668
sysop-amber-phosphor,light,TextareaInvalid,bg-surface-hover,1.355874,5.450314
sysop-amber-phosphor,light,TextareaInvalid,bg-surface-active,1.338924,4.919040
sysop-amber-phosphor,light,TextareaInvalid,bg-selection,1.338924,4.919040
sysop-amber-phosphor,light,TextareaInvalid,bg-popover,1.397260,7.091338
sysop-amber-phosphor,light,CheckboxInvalid,bg-bg,1.391211,6.854038
sysop-amber-phosphor,light,CheckboxInvalid,bg-bg-elevated,1.397260,7.091338
sysop-amber-phosphor,light,CheckboxInvalid,bg-surface,1.373253,6.070668
sysop-amber-phosphor,light,CheckboxInvalid,bg-surface-hover,1.355874,5.450314
sysop-amber-phosphor,light,CheckboxInvalid,bg-surface-active,1.338924,4.919040
sysop-amber-phosphor,light,CheckboxInvalid,bg-selection,1.338924,4.919040
sysop-amber-phosphor,light,CheckboxInvalid,bg-popover,1.397260,7.091338
sysop-amber-phosphor,light,SwitchInvalid,bg-bg,1.391211,6.854038
sysop-amber-phosphor,light,SwitchInvalid,bg-bg-elevated,1.397260,7.091338
sysop-amber-phosphor,light,SwitchInvalid,bg-surface,1.373253,6.070668
sysop-amber-phosphor,light,SwitchInvalid,bg-surface-hover,1.355874,5.450314
sysop-amber-phosphor,light,SwitchInvalid,bg-surface-active,1.338924,4.919040
sysop-amber-phosphor,light,SwitchInvalid,bg-selection,1.338924,4.919040
sysop-amber-phosphor,light,SwitchInvalid,bg-popover,1.397260,7.091338
sysop-amber-phosphor,light,HudInput,bg-bg,6.854038,6.854038
sysop-amber-phosphor,light,HudInput,bg-bg-elevated,7.091338,7.091338
sysop-amber-phosphor,light,HudInput,bg-surface,6.070668,6.070668
sysop-amber-phosphor,light,HudInput,bg-surface-hover,5.450314,5.450314
sysop-amber-phosphor,light,HudInput,bg-surface-active,4.919040,4.919040
sysop-amber-phosphor,light,HudInput,bg-selection,4.919040,4.919040
sysop-amber-phosphor,light,HudInput,bg-popover,7.091338,7.091338
sysop-hi-contrast,dark,Button,bg-bg,3.728238,13.477855
sysop-hi-contrast,dark,Button,bg-bg-elevated,3.864998,12.366533
sysop-hi-contrast,dark,Button,bg-surface,3.864998,12.366533
sysop-hi-contrast,dark,Button,bg-surface-hover,3.847014,11.831040
sysop-hi-contrast,dark,Button,bg-surface-active,3.192243,7.875572
sysop-hi-contrast,dark,Button,bg-selection,3.864998,12.366533
sysop-hi-contrast,dark,Button,bg-popover,3.864998,12.366533
sysop-hi-contrast,dark,ButtonDestructive,bg-bg,1.893948,13.477855
sysop-hi-contrast,dark,ButtonDestructive,bg-bg-elevated,1.971727,12.366533
sysop-hi-contrast,dark,ButtonDestructive,bg-surface,1.971727,12.366533
sysop-hi-contrast,dark,ButtonDestructive,bg-surface-hover,1.970092,11.831040
sysop-hi-contrast,dark,ButtonDestructive,bg-surface-active,1.696154,7.875572
sysop-hi-contrast,dark,ButtonDestructive,bg-selection,1.971727,12.366533
sysop-hi-contrast,dark,ButtonDestructive,bg-popover,1.971727,12.366533
sysop-hi-contrast,dark,Input,bg-bg,3.728238,13.477855
sysop-hi-contrast,dark,Input,bg-bg-elevated,3.864998,12.366533
sysop-hi-contrast,dark,Input,bg-surface,3.864998,12.366533
sysop-hi-contrast,dark,Input,bg-surface-hover,3.847014,11.831040
sysop-hi-contrast,dark,Input,bg-surface-active,3.192243,7.875572
sysop-hi-contrast,dark,Input,bg-selection,3.864998,12.366533
sysop-hi-contrast,dark,Input,bg-popover,3.864998,12.366533
sysop-hi-contrast,dark,Textarea,bg-bg,3.728238,13.477855
sysop-hi-contrast,dark,Textarea,bg-bg-elevated,3.864998,12.366533
sysop-hi-contrast,dark,Textarea,bg-surface,3.864998,12.366533
sysop-hi-contrast,dark,Textarea,bg-surface-hover,3.847014,11.831040
sysop-hi-contrast,dark,Textarea,bg-surface-active,3.192243,7.875572
sysop-hi-contrast,dark,Textarea,bg-selection,3.864998,12.366533
sysop-hi-contrast,dark,Textarea,bg-popover,3.864998,12.366533
sysop-hi-contrast,dark,Select,bg-bg,3.728238,13.477855
sysop-hi-contrast,dark,Select,bg-bg-elevated,3.864998,12.366533
sysop-hi-contrast,dark,Select,bg-surface,3.864998,12.366533
sysop-hi-contrast,dark,Select,bg-surface-hover,3.847014,11.831040
sysop-hi-contrast,dark,Select,bg-surface-active,3.192243,7.875572
sysop-hi-contrast,dark,Select,bg-selection,3.864998,12.366533
sysop-hi-contrast,dark,Select,bg-popover,3.864998,12.366533
sysop-hi-contrast,dark,Checkbox,bg-bg,3.728238,13.477855
sysop-hi-contrast,dark,Checkbox,bg-bg-elevated,3.864998,12.366533
sysop-hi-contrast,dark,Checkbox,bg-surface,3.864998,12.366533
sysop-hi-contrast,dark,Checkbox,bg-surface-hover,3.847014,11.831040
sysop-hi-contrast,dark,Checkbox,bg-surface-active,3.192243,7.875572
sysop-hi-contrast,dark,Checkbox,bg-selection,3.864998,12.366533
sysop-hi-contrast,dark,Checkbox,bg-popover,3.864998,12.366533
sysop-hi-contrast,dark,Switch,bg-bg,3.728238,13.477855
sysop-hi-contrast,dark,Switch,bg-bg-elevated,3.864998,12.366533
sysop-hi-contrast,dark,Switch,bg-surface,3.864998,12.366533
sysop-hi-contrast,dark,Switch,bg-surface-hover,3.847014,11.831040
sysop-hi-contrast,dark,Switch,bg-surface-active,3.192243,7.875572
sysop-hi-contrast,dark,Switch,bg-selection,3.864998,12.366533
sysop-hi-contrast,dark,Switch,bg-popover,3.864998,12.366533
sysop-hi-contrast,dark,Tabs,bg-bg,12.366533,12.366533
sysop-hi-contrast,dark,Tabs,bg-bg-elevated,12.366533,12.366533
sysop-hi-contrast,dark,Tabs,bg-surface,12.366533,12.366533
sysop-hi-contrast,dark,Tabs,bg-surface-hover,12.366533,12.366533
sysop-hi-contrast,dark,Tabs,bg-surface-active,12.366533,12.366533
sysop-hi-contrast,dark,Tabs,bg-selection,12.366533,12.366533
sysop-hi-contrast,dark,Tabs,bg-popover,12.366533,12.366533
sysop-hi-contrast,dark,Badge,bg-bg,13.477855,13.477855
sysop-hi-contrast,dark,Badge,bg-bg-elevated,12.366533,12.366533
sysop-hi-contrast,dark,Badge,bg-surface,12.366533,12.366533
sysop-hi-contrast,dark,Badge,bg-surface-hover,11.831040,11.831040
sysop-hi-contrast,dark,Badge,bg-surface-active,7.875572,7.875572
sysop-hi-contrast,dark,Badge,bg-selection,12.366533,12.366533
sysop-hi-contrast,dark,Badge,bg-popover,12.366533,12.366533
sysop-hi-contrast,dark,BadgeDestructive,bg-bg,13.477855,13.477855
sysop-hi-contrast,dark,BadgeDestructive,bg-bg-elevated,12.366533,12.366533
sysop-hi-contrast,dark,BadgeDestructive,bg-surface,12.366533,12.366533
sysop-hi-contrast,dark,BadgeDestructive,bg-surface-hover,11.831040,11.831040
sysop-hi-contrast,dark,BadgeDestructive,bg-surface-active,7.875572,7.875572
sysop-hi-contrast,dark,BadgeDestructive,bg-selection,12.366533,12.366533
sysop-hi-contrast,dark,BadgeDestructive,bg-popover,12.366533,12.366533
sysop-hi-contrast,dark,InputGroup,bg-bg,3.728238,13.477855
sysop-hi-contrast,dark,InputGroup,bg-bg-elevated,3.864998,12.366533
sysop-hi-contrast,dark,InputGroup,bg-surface,3.864998,12.366533
sysop-hi-contrast,dark,InputGroup,bg-surface-hover,3.847014,11.831040
sysop-hi-contrast,dark,InputGroup,bg-surface-active,3.192243,7.875572
sysop-hi-contrast,dark,InputGroup,bg-selection,3.864998,12.366533
sysop-hi-contrast,dark,InputGroup,bg-popover,3.864998,12.366533
sysop-hi-contrast,dark,InputGroupInvalid,bg-bg,1.893948,13.477855
sysop-hi-contrast,dark,InputGroupInvalid,bg-bg-elevated,1.971727,12.366533
sysop-hi-contrast,dark,InputGroupInvalid,bg-surface,1.971727,12.366533
sysop-hi-contrast,dark,InputGroupInvalid,bg-surface-hover,1.970092,11.831040
sysop-hi-contrast,dark,InputGroupInvalid,bg-surface-active,1.696154,7.875572
sysop-hi-contrast,dark,InputGroupInvalid,bg-selection,1.971727,12.366533
sysop-hi-contrast,dark,InputGroupInvalid,bg-popover,1.971727,12.366533
sysop-hi-contrast,dark,SelectInvalid,bg-bg,1.893948,13.477855
sysop-hi-contrast,dark,SelectInvalid,bg-bg-elevated,1.971727,12.366533
sysop-hi-contrast,dark,SelectInvalid,bg-surface,1.971727,12.366533
sysop-hi-contrast,dark,SelectInvalid,bg-surface-hover,1.970092,11.831040
sysop-hi-contrast,dark,SelectInvalid,bg-surface-active,1.696154,7.875572
sysop-hi-contrast,dark,SelectInvalid,bg-selection,1.971727,12.366533
sysop-hi-contrast,dark,SelectInvalid,bg-popover,1.971727,12.366533
sysop-hi-contrast,dark,BadgeInvalid,bg-bg,13.477855,13.477855
sysop-hi-contrast,dark,BadgeInvalid,bg-bg-elevated,12.366533,12.366533
sysop-hi-contrast,dark,BadgeInvalid,bg-surface,12.366533,12.366533
sysop-hi-contrast,dark,BadgeInvalid,bg-surface-hover,11.831040,11.831040
sysop-hi-contrast,dark,BadgeInvalid,bg-surface-active,7.875572,7.875572
sysop-hi-contrast,dark,BadgeInvalid,bg-selection,12.366533,12.366533
sysop-hi-contrast,dark,BadgeInvalid,bg-popover,12.366533,12.366533
sysop-hi-contrast,dark,ScrollArea,bg-bg,3.728238,13.477855
sysop-hi-contrast,dark,ScrollArea,bg-bg-elevated,3.864998,12.366533
sysop-hi-contrast,dark,ScrollArea,bg-surface,3.864998,12.366533
sysop-hi-contrast,dark,ScrollArea,bg-surface-hover,3.847014,11.831040
sysop-hi-contrast,dark,ScrollArea,bg-surface-active,3.192243,7.875572
sysop-hi-contrast,dark,ScrollArea,bg-selection,3.864998,12.366533
sysop-hi-contrast,dark,ScrollArea,bg-popover,3.864998,12.366533
sysop-hi-contrast,dark,ThemePicker,bg-bg,13.477855,13.477855
sysop-hi-contrast,dark,ThemePicker,bg-bg-elevated,12.366533,12.366533
sysop-hi-contrast,dark,ThemePicker,bg-surface,12.366533,12.366533
sysop-hi-contrast,dark,ThemePicker,bg-surface-hover,11.831040,11.831040
sysop-hi-contrast,dark,ThemePicker,bg-surface-active,7.875572,7.875572
sysop-hi-contrast,dark,ThemePicker,bg-selection,12.366533,12.366533
sysop-hi-contrast,dark,ThemePicker,bg-popover,12.366533,12.366533
sysop-hi-contrast,dark,Composer,bg-bg,13.477855,13.477855
sysop-hi-contrast,dark,Composer,bg-bg-elevated,12.366533,12.366533
sysop-hi-contrast,dark,Composer,bg-surface,12.366533,12.366533
sysop-hi-contrast,dark,Composer,bg-surface-hover,11.831040,11.831040
sysop-hi-contrast,dark,Composer,bg-surface-active,7.875572,7.875572
sysop-hi-contrast,dark,Composer,bg-selection,12.366533,12.366533
sysop-hi-contrast,dark,Composer,bg-popover,12.366533,12.366533
sysop-hi-contrast,dark,ButtonInvalid,bg-bg,1.893948,13.477855
sysop-hi-contrast,dark,ButtonInvalid,bg-bg-elevated,1.971727,12.366533
sysop-hi-contrast,dark,ButtonInvalid,bg-surface,1.971727,12.366533
sysop-hi-contrast,dark,ButtonInvalid,bg-surface-hover,1.970092,11.831040
sysop-hi-contrast,dark,ButtonInvalid,bg-surface-active,1.696154,7.875572
sysop-hi-contrast,dark,ButtonInvalid,bg-selection,1.971727,12.366533
sysop-hi-contrast,dark,ButtonInvalid,bg-popover,1.971727,12.366533
sysop-hi-contrast,dark,InputInvalid,bg-bg,1.893948,13.477855
sysop-hi-contrast,dark,InputInvalid,bg-bg-elevated,1.971727,12.366533
sysop-hi-contrast,dark,InputInvalid,bg-surface,1.971727,12.366533
sysop-hi-contrast,dark,InputInvalid,bg-surface-hover,1.970092,11.831040
sysop-hi-contrast,dark,InputInvalid,bg-surface-active,1.696154,7.875572
sysop-hi-contrast,dark,InputInvalid,bg-selection,1.971727,12.366533
sysop-hi-contrast,dark,InputInvalid,bg-popover,1.971727,12.366533
sysop-hi-contrast,dark,TextareaInvalid,bg-bg,1.893948,13.477855
sysop-hi-contrast,dark,TextareaInvalid,bg-bg-elevated,1.971727,12.366533
sysop-hi-contrast,dark,TextareaInvalid,bg-surface,1.971727,12.366533
sysop-hi-contrast,dark,TextareaInvalid,bg-surface-hover,1.970092,11.831040
sysop-hi-contrast,dark,TextareaInvalid,bg-surface-active,1.696154,7.875572
sysop-hi-contrast,dark,TextareaInvalid,bg-selection,1.971727,12.366533
sysop-hi-contrast,dark,TextareaInvalid,bg-popover,1.971727,12.366533
sysop-hi-contrast,dark,CheckboxInvalid,bg-bg,1.249558,13.477855
sysop-hi-contrast,dark,CheckboxInvalid,bg-bg-elevated,1.322248,12.366533
sysop-hi-contrast,dark,CheckboxInvalid,bg-surface,1.322248,12.366533
sysop-hi-contrast,dark,CheckboxInvalid,bg-surface-hover,1.337399,11.831040
sysop-hi-contrast,dark,CheckboxInvalid,bg-surface-active,1.283396,7.875572
sysop-hi-contrast,dark,CheckboxInvalid,bg-selection,1.322248,12.366533
sysop-hi-contrast,dark,CheckboxInvalid,bg-popover,1.322248,12.366533
sysop-hi-contrast,dark,SwitchInvalid,bg-bg,1.893948,13.477855
sysop-hi-contrast,dark,SwitchInvalid,bg-bg-elevated,1.971727,12.366533
sysop-hi-contrast,dark,SwitchInvalid,bg-surface,1.971727,12.366533
sysop-hi-contrast,dark,SwitchInvalid,bg-surface-hover,1.970092,11.831040
sysop-hi-contrast,dark,SwitchInvalid,bg-surface-active,1.696154,7.875572
sysop-hi-contrast,dark,SwitchInvalid,bg-selection,1.971727,12.366533
sysop-hi-contrast,dark,SwitchInvalid,bg-popover,1.971727,12.366533
sysop-hi-contrast,dark,HudInput,bg-bg,13.477855,13.477855
sysop-hi-contrast,dark,HudInput,bg-bg-elevated,12.366533,12.366533
sysop-hi-contrast,dark,HudInput,bg-surface,12.366533,12.366533
sysop-hi-contrast,dark,HudInput,bg-surface-hover,11.831040,11.831040
sysop-hi-contrast,dark,HudInput,bg-surface-active,7.875572,7.875572
sysop-hi-contrast,dark,HudInput,bg-selection,12.366533,12.366533
sysop-hi-contrast,dark,HudInput,bg-popover,12.366533,12.366533
sysop-hi-contrast,light,Button,bg-bg,2.587590,9.534666
sysop-hi-contrast,light,Button,bg-bg-elevated,2.587590,9.534666
sysop-hi-contrast,light,Button,bg-surface,2.514445,8.668929
sysop-hi-contrast,light,Button,bg-surface-hover,2.431048,7.781670
sysop-hi-contrast,light,Button,bg-surface-active,2.351197,7.019831
sysop-hi-contrast,light,Button,bg-selection,2.351197,7.019831
sysop-hi-contrast,light,Button,bg-popover,2.587590,9.534666
sysop-hi-contrast,light,ButtonDestructive,bg-bg,1.491939,9.534666
sysop-hi-contrast,light,ButtonDestructive,bg-bg-elevated,1.491939,9.534666
sysop-hi-contrast,light,ButtonDestructive,bg-surface,1.481645,8.668929
sysop-hi-contrast,light,ButtonDestructive,bg-surface-hover,1.469359,7.781670
sysop-hi-contrast,light,ButtonDestructive,bg-surface-active,1.457005,7.019831
sysop-hi-contrast,light,ButtonDestructive,bg-selection,1.457005,7.019831
sysop-hi-contrast,light,ButtonDestructive,bg-popover,1.491939,9.534666
sysop-hi-contrast,light,Input,bg-bg,2.587590,9.534666
sysop-hi-contrast,light,Input,bg-bg-elevated,2.587590,9.534666
sysop-hi-contrast,light,Input,bg-surface,2.514445,8.668929
sysop-hi-contrast,light,Input,bg-surface-hover,2.431048,7.781670
sysop-hi-contrast,light,Input,bg-surface-active,2.351197,7.019831
sysop-hi-contrast,light,Input,bg-selection,2.351197,7.019831
sysop-hi-contrast,light,Input,bg-popover,2.587590,9.534666
sysop-hi-contrast,light,Textarea,bg-bg,2.587590,9.534666
sysop-hi-contrast,light,Textarea,bg-bg-elevated,2.587590,9.534666
sysop-hi-contrast,light,Textarea,bg-surface,2.514445,8.668929
sysop-hi-contrast,light,Textarea,bg-surface-hover,2.431048,7.781670
sysop-hi-contrast,light,Textarea,bg-surface-active,2.351197,7.019831
sysop-hi-contrast,light,Textarea,bg-selection,2.351197,7.019831
sysop-hi-contrast,light,Textarea,bg-popover,2.587590,9.534666
sysop-hi-contrast,light,Select,bg-bg,2.587590,9.534666
sysop-hi-contrast,light,Select,bg-bg-elevated,2.587590,9.534666
sysop-hi-contrast,light,Select,bg-surface,2.514445,8.668929
sysop-hi-contrast,light,Select,bg-surface-hover,2.431048,7.781670
sysop-hi-contrast,light,Select,bg-surface-active,2.351197,7.019831
sysop-hi-contrast,light,Select,bg-selection,2.351197,7.019831
sysop-hi-contrast,light,Select,bg-popover,2.587590,9.534666
sysop-hi-contrast,light,Checkbox,bg-bg,2.587590,9.534666
sysop-hi-contrast,light,Checkbox,bg-bg-elevated,2.587590,9.534666
sysop-hi-contrast,light,Checkbox,bg-surface,2.514445,8.668929
sysop-hi-contrast,light,Checkbox,bg-surface-hover,2.431048,7.781670
sysop-hi-contrast,light,Checkbox,bg-surface-active,2.351197,7.019831
sysop-hi-contrast,light,Checkbox,bg-selection,2.351197,7.019831
sysop-hi-contrast,light,Checkbox,bg-popover,2.587590,9.534666
sysop-hi-contrast,light,Switch,bg-bg,2.587590,9.534666
sysop-hi-contrast,light,Switch,bg-bg-elevated,2.587590,9.534666
sysop-hi-contrast,light,Switch,bg-surface,2.514445,8.668929
sysop-hi-contrast,light,Switch,bg-surface-hover,2.431048,7.781670
sysop-hi-contrast,light,Switch,bg-surface-active,2.351197,7.019831
sysop-hi-contrast,light,Switch,bg-selection,2.351197,7.019831
sysop-hi-contrast,light,Switch,bg-popover,2.587590,9.534666
sysop-hi-contrast,light,Tabs,bg-bg,9.534666,9.534666
sysop-hi-contrast,light,Tabs,bg-bg-elevated,9.534666,9.534666
sysop-hi-contrast,light,Tabs,bg-surface,9.534666,9.534666
sysop-hi-contrast,light,Tabs,bg-surface-hover,9.534666,9.534666
sysop-hi-contrast,light,Tabs,bg-surface-active,9.534666,9.534666
sysop-hi-contrast,light,Tabs,bg-selection,9.534666,9.534666
sysop-hi-contrast,light,Tabs,bg-popover,9.534666,9.534666
sysop-hi-contrast,light,Badge,bg-bg,9.534666,9.534666
sysop-hi-contrast,light,Badge,bg-bg-elevated,9.534666,9.534666
sysop-hi-contrast,light,Badge,bg-surface,8.668929,8.668929
sysop-hi-contrast,light,Badge,bg-surface-hover,7.781670,7.781670
sysop-hi-contrast,light,Badge,bg-surface-active,7.019831,7.019831
sysop-hi-contrast,light,Badge,bg-selection,7.019831,7.019831
sysop-hi-contrast,light,Badge,bg-popover,9.534666,9.534666
sysop-hi-contrast,light,BadgeDestructive,bg-bg,9.534666,9.534666
sysop-hi-contrast,light,BadgeDestructive,bg-bg-elevated,9.534666,9.534666
sysop-hi-contrast,light,BadgeDestructive,bg-surface,8.668929,8.668929
sysop-hi-contrast,light,BadgeDestructive,bg-surface-hover,7.781670,7.781670
sysop-hi-contrast,light,BadgeDestructive,bg-surface-active,7.019831,7.019831
sysop-hi-contrast,light,BadgeDestructive,bg-selection,7.019831,7.019831
sysop-hi-contrast,light,BadgeDestructive,bg-popover,9.534666,9.534666
sysop-hi-contrast,light,InputGroup,bg-bg,2.587590,9.534666
sysop-hi-contrast,light,InputGroup,bg-bg-elevated,2.587590,9.534666
sysop-hi-contrast,light,InputGroup,bg-surface,2.514445,8.668929
sysop-hi-contrast,light,InputGroup,bg-surface-hover,2.431048,7.781670
sysop-hi-contrast,light,InputGroup,bg-surface-active,2.351197,7.019831
sysop-hi-contrast,light,InputGroup,bg-selection,2.351197,7.019831
sysop-hi-contrast,light,InputGroup,bg-popover,2.587590,9.534666
sysop-hi-contrast,light,InputGroupInvalid,bg-bg,1.491939,9.534666
sysop-hi-contrast,light,InputGroupInvalid,bg-bg-elevated,1.491939,9.534666
sysop-hi-contrast,light,InputGroupInvalid,bg-surface,1.481645,8.668929
sysop-hi-contrast,light,InputGroupInvalid,bg-surface-hover,1.469359,7.781670
sysop-hi-contrast,light,InputGroupInvalid,bg-surface-active,1.457005,7.019831
sysop-hi-contrast,light,InputGroupInvalid,bg-selection,1.457005,7.019831
sysop-hi-contrast,light,InputGroupInvalid,bg-popover,1.491939,9.534666
sysop-hi-contrast,light,SelectInvalid,bg-bg,1.491939,9.534666
sysop-hi-contrast,light,SelectInvalid,bg-bg-elevated,1.491939,9.534666
sysop-hi-contrast,light,SelectInvalid,bg-surface,1.481645,8.668929
sysop-hi-contrast,light,SelectInvalid,bg-surface-hover,1.469359,7.781670
sysop-hi-contrast,light,SelectInvalid,bg-surface-active,1.457005,7.019831
sysop-hi-contrast,light,SelectInvalid,bg-selection,1.457005,7.019831
sysop-hi-contrast,light,SelectInvalid,bg-popover,1.491939,9.534666
sysop-hi-contrast,light,BadgeInvalid,bg-bg,9.534666,9.534666
sysop-hi-contrast,light,BadgeInvalid,bg-bg-elevated,9.534666,9.534666
sysop-hi-contrast,light,BadgeInvalid,bg-surface,8.668929,8.668929
sysop-hi-contrast,light,BadgeInvalid,bg-surface-hover,7.781670,7.781670
sysop-hi-contrast,light,BadgeInvalid,bg-surface-active,7.019831,7.019831
sysop-hi-contrast,light,BadgeInvalid,bg-selection,7.019831,7.019831
sysop-hi-contrast,light,BadgeInvalid,bg-popover,9.534666,9.534666
sysop-hi-contrast,light,ScrollArea,bg-bg,2.587590,9.534666
sysop-hi-contrast,light,ScrollArea,bg-bg-elevated,2.587590,9.534666
sysop-hi-contrast,light,ScrollArea,bg-surface,2.514445,8.668929
sysop-hi-contrast,light,ScrollArea,bg-surface-hover,2.431048,7.781670
sysop-hi-contrast,light,ScrollArea,bg-surface-active,2.351197,7.019831
sysop-hi-contrast,light,ScrollArea,bg-selection,2.351197,7.019831
sysop-hi-contrast,light,ScrollArea,bg-popover,2.587590,9.534666
sysop-hi-contrast,light,ThemePicker,bg-bg,9.534666,9.534666
sysop-hi-contrast,light,ThemePicker,bg-bg-elevated,9.534666,9.534666
sysop-hi-contrast,light,ThemePicker,bg-surface,8.668929,8.668929
sysop-hi-contrast,light,ThemePicker,bg-surface-hover,7.781670,7.781670
sysop-hi-contrast,light,ThemePicker,bg-surface-active,7.019831,7.019831
sysop-hi-contrast,light,ThemePicker,bg-selection,7.019831,7.019831
sysop-hi-contrast,light,ThemePicker,bg-popover,9.534666,9.534666
sysop-hi-contrast,light,Composer,bg-bg,9.534666,9.534666
sysop-hi-contrast,light,Composer,bg-bg-elevated,9.534666,9.534666
sysop-hi-contrast,light,Composer,bg-surface,8.668929,8.668929
sysop-hi-contrast,light,Composer,bg-surface-hover,7.781670,7.781670
sysop-hi-contrast,light,Composer,bg-surface-active,7.019831,7.019831
sysop-hi-contrast,light,Composer,bg-selection,7.019831,7.019831
sysop-hi-contrast,light,Composer,bg-popover,9.534666,9.534666
sysop-hi-contrast,light,ButtonInvalid,bg-bg,1.491939,9.534666
sysop-hi-contrast,light,ButtonInvalid,bg-bg-elevated,1.491939,9.534666
sysop-hi-contrast,light,ButtonInvalid,bg-surface,1.481645,8.668929
sysop-hi-contrast,light,ButtonInvalid,bg-surface-hover,1.469359,7.781670
sysop-hi-contrast,light,ButtonInvalid,bg-surface-active,1.457005,7.019831
sysop-hi-contrast,light,ButtonInvalid,bg-selection,1.457005,7.019831
sysop-hi-contrast,light,ButtonInvalid,bg-popover,1.491939,9.534666
sysop-hi-contrast,light,InputInvalid,bg-bg,1.491939,9.534666
sysop-hi-contrast,light,InputInvalid,bg-bg-elevated,1.491939,9.534666
sysop-hi-contrast,light,InputInvalid,bg-surface,1.481645,8.668929
sysop-hi-contrast,light,InputInvalid,bg-surface-hover,1.469359,7.781670
sysop-hi-contrast,light,InputInvalid,bg-surface-active,1.457005,7.019831
sysop-hi-contrast,light,InputInvalid,bg-selection,1.457005,7.019831
sysop-hi-contrast,light,InputInvalid,bg-popover,1.491939,9.534666
sysop-hi-contrast,light,TextareaInvalid,bg-bg,1.491939,9.534666
sysop-hi-contrast,light,TextareaInvalid,bg-bg-elevated,1.491939,9.534666
sysop-hi-contrast,light,TextareaInvalid,bg-surface,1.481645,8.668929
sysop-hi-contrast,light,TextareaInvalid,bg-surface-hover,1.469359,7.781670
sysop-hi-contrast,light,TextareaInvalid,bg-surface-active,1.457005,7.019831
sysop-hi-contrast,light,TextareaInvalid,bg-selection,1.457005,7.019831
sysop-hi-contrast,light,TextareaInvalid,bg-popover,1.491939,9.534666
sysop-hi-contrast,light,CheckboxInvalid,bg-bg,1.491939,9.534666
sysop-hi-contrast,light,CheckboxInvalid,bg-bg-elevated,1.491939,9.534666
sysop-hi-contrast,light,CheckboxInvalid,bg-surface,1.481645,8.668929
sysop-hi-contrast,light,CheckboxInvalid,bg-surface-hover,1.469359,7.781670
sysop-hi-contrast,light,CheckboxInvalid,bg-surface-active,1.457005,7.019831
sysop-hi-contrast,light,CheckboxInvalid,bg-selection,1.457005,7.019831
sysop-hi-contrast,light,CheckboxInvalid,bg-popover,1.491939,9.534666
sysop-hi-contrast,light,SwitchInvalid,bg-bg,1.491939,9.534666
sysop-hi-contrast,light,SwitchInvalid,bg-bg-elevated,1.491939,9.534666
sysop-hi-contrast,light,SwitchInvalid,bg-surface,1.481645,8.668929
sysop-hi-contrast,light,SwitchInvalid,bg-surface-hover,1.469359,7.781670
sysop-hi-contrast,light,SwitchInvalid,bg-surface-active,1.457005,7.019831
sysop-hi-contrast,light,SwitchInvalid,bg-selection,1.457005,7.019831
sysop-hi-contrast,light,SwitchInvalid,bg-popover,1.491939,9.534666
sysop-hi-contrast,light,HudInput,bg-bg,9.534666,9.534666
sysop-hi-contrast,light,HudInput,bg-bg-elevated,9.534666,9.534666
sysop-hi-contrast,light,HudInput,bg-surface,8.668929,8.668929
sysop-hi-contrast,light,HudInput,bg-surface-hover,7.781670,7.781670
sysop-hi-contrast,light,HudInput,bg-surface-active,7.019831,7.019831
sysop-hi-contrast,light,HudInput,bg-selection,7.019831,7.019831
sysop-hi-contrast,light,HudInput,bg-popover,9.534666,9.534666
p4-white,dark,Button,bg-bg,1.138165,5.290644
p4-white,dark,Button,bg-bg-elevated,1.142717,4.711305
p4-white,dark,Button,bg-surface,1.142717,4.711305
p4-white,dark,Button,bg-surface-hover,1.142717,4.711305
p4-white,dark,Button,bg-surface-active,1.029534,3.060829
p4-white,dark,Button,bg-selection,1.142717,4.711305
p4-white,dark,Button,bg-popover,1.142717,4.711305
p4-white,dark,ButtonDestructive,bg-bg,2.052830,5.290644
p4-white,dark,ButtonDestructive,bg-bg-elevated,2.093598,4.711305
p4-white,dark,ButtonDestructive,bg-surface,2.093598,4.711305
p4-white,dark,ButtonDestructive,bg-surface-hover,2.093598,4.711305
p4-white,dark,ButtonDestructive,bg-surface-active,1.831525,3.060829
p4-white,dark,ButtonDestructive,bg-selection,2.093598,4.711305
p4-white,dark,ButtonDestructive,bg-popover,2.093598,4.711305
p4-white,dark,Input,bg-bg,1.138165,5.290644
p4-white,dark,Input,bg-bg-elevated,1.142717,4.711305
p4-white,dark,Input,bg-surface,1.142717,4.711305
p4-white,dark,Input,bg-surface-hover,1.142717,4.711305
p4-white,dark,Input,bg-surface-active,1.029534,3.060829
p4-white,dark,Input,bg-selection,1.142717,4.711305
p4-white,dark,Input,bg-popover,1.142717,4.711305
p4-white,dark,Textarea,bg-bg,1.138165,5.290644
p4-white,dark,Textarea,bg-bg-elevated,1.142717,4.711305
p4-white,dark,Textarea,bg-surface,1.142717,4.711305
p4-white,dark,Textarea,bg-surface-hover,1.142717,4.711305
p4-white,dark,Textarea,bg-surface-active,1.029534,3.060829
p4-white,dark,Textarea,bg-selection,1.142717,4.711305
p4-white,dark,Textarea,bg-popover,1.142717,4.711305
p4-white,dark,Select,bg-bg,1.138165,5.290644
p4-white,dark,Select,bg-bg-elevated,1.142717,4.711305
p4-white,dark,Select,bg-surface,1.142717,4.711305
p4-white,dark,Select,bg-surface-hover,1.142717,4.711305
p4-white,dark,Select,bg-surface-active,1.029534,3.060829
p4-white,dark,Select,bg-selection,1.142717,4.711305
p4-white,dark,Select,bg-popover,1.142717,4.711305
p4-white,dark,Checkbox,bg-bg,1.138165,5.290644
p4-white,dark,Checkbox,bg-bg-elevated,1.142717,4.711305
p4-white,dark,Checkbox,bg-surface,1.142717,4.711305
p4-white,dark,Checkbox,bg-surface-hover,1.142717,4.711305
p4-white,dark,Checkbox,bg-surface-active,1.029534,3.060829
p4-white,dark,Checkbox,bg-selection,1.142717,4.711305
p4-white,dark,Checkbox,bg-popover,1.142717,4.711305
p4-white,dark,Switch,bg-bg,1.138165,5.290644
p4-white,dark,Switch,bg-bg-elevated,1.142717,4.711305
p4-white,dark,Switch,bg-surface,1.142717,4.711305
p4-white,dark,Switch,bg-surface-hover,1.142717,4.711305
p4-white,dark,Switch,bg-surface-active,1.029534,3.060829
p4-white,dark,Switch,bg-selection,1.142717,4.711305
p4-white,dark,Switch,bg-popover,1.142717,4.711305
p4-white,dark,Tabs,bg-bg,1.338755,4.711305
p4-white,dark,Tabs,bg-bg-elevated,1.338755,4.711305
p4-white,dark,Tabs,bg-surface,1.338755,4.711305
p4-white,dark,Tabs,bg-surface-hover,1.338755,4.711305
p4-white,dark,Tabs,bg-surface-active,1.338755,4.711305
p4-white,dark,Tabs,bg-selection,1.338755,4.711305
p4-white,dark,Tabs,bg-popover,1.338755,4.711305
p4-white,dark,Badge,bg-bg,1.382025,5.290644
p4-white,dark,Badge,bg-bg-elevated,1.338755,4.711305
p4-white,dark,Badge,bg-surface,1.338755,4.711305
p4-white,dark,Badge,bg-surface-hover,1.338755,4.711305
p4-white,dark,Badge,bg-surface-active,1.059785,3.060829
p4-white,dark,Badge,bg-selection,1.338755,4.711305
p4-white,dark,Badge,bg-popover,1.338755,4.711305
p4-white,dark,BadgeDestructive,bg-bg,2.052830,5.290644
p4-white,dark,BadgeDestructive,bg-bg-elevated,2.093598,4.711305
p4-white,dark,BadgeDestructive,bg-surface,2.093598,4.711305
p4-white,dark,BadgeDestructive,bg-surface-hover,2.093598,4.711305
p4-white,dark,BadgeDestructive,bg-surface-active,1.831525,3.060829
p4-white,dark,BadgeDestructive,bg-selection,2.093598,4.711305
p4-white,dark,BadgeDestructive,bg-popover,2.093598,4.711305
p4-white,dark,InputGroup,bg-bg,1.138165,5.290644
p4-white,dark,InputGroup,bg-bg-elevated,1.142717,4.711305
p4-white,dark,InputGroup,bg-surface,1.142717,4.711305
p4-white,dark,InputGroup,bg-surface-hover,1.142717,4.711305
p4-white,dark,InputGroup,bg-surface-active,1.029534,3.060829
p4-white,dark,InputGroup,bg-selection,1.142717,4.711305
p4-white,dark,InputGroup,bg-popover,1.142717,4.711305
p4-white,dark,InputGroupInvalid,bg-bg,2.052830,5.290644
p4-white,dark,InputGroupInvalid,bg-bg-elevated,2.093598,4.711305
p4-white,dark,InputGroupInvalid,bg-surface,2.093598,4.711305
p4-white,dark,InputGroupInvalid,bg-surface-hover,2.093598,4.711305
p4-white,dark,InputGroupInvalid,bg-surface-active,1.831525,3.060829
p4-white,dark,InputGroupInvalid,bg-selection,2.093598,4.711305
p4-white,dark,InputGroupInvalid,bg-popover,2.093598,4.711305
p4-white,dark,SelectInvalid,bg-bg,2.052830,5.290644
p4-white,dark,SelectInvalid,bg-bg-elevated,2.093598,4.711305
p4-white,dark,SelectInvalid,bg-surface,2.093598,4.711305
p4-white,dark,SelectInvalid,bg-surface-hover,2.093598,4.711305
p4-white,dark,SelectInvalid,bg-surface-active,1.831525,3.060829
p4-white,dark,SelectInvalid,bg-selection,2.093598,4.711305
p4-white,dark,SelectInvalid,bg-popover,2.093598,4.711305
p4-white,dark,BadgeInvalid,bg-bg,2.052830,5.290644
p4-white,dark,BadgeInvalid,bg-bg-elevated,2.093598,4.711305
p4-white,dark,BadgeInvalid,bg-surface,2.093598,4.711305
p4-white,dark,BadgeInvalid,bg-surface-hover,2.093598,4.711305
p4-white,dark,BadgeInvalid,bg-surface-active,1.831525,3.060829
p4-white,dark,BadgeInvalid,bg-selection,2.093598,4.711305
p4-white,dark,BadgeInvalid,bg-popover,2.093598,4.711305
p4-white,dark,ScrollArea,bg-bg,1.138165,5.290644
p4-white,dark,ScrollArea,bg-bg-elevated,1.142717,4.711305
p4-white,dark,ScrollArea,bg-surface,1.142717,4.711305
p4-white,dark,ScrollArea,bg-surface-hover,1.142717,4.711305
p4-white,dark,ScrollArea,bg-surface-active,1.029534,3.060829
p4-white,dark,ScrollArea,bg-selection,1.142717,4.711305
p4-white,dark,ScrollArea,bg-popover,1.142717,4.711305
p4-white,dark,ThemePicker,bg-bg,1.382025,5.290644
p4-white,dark,ThemePicker,bg-bg-elevated,1.338755,4.711305
p4-white,dark,ThemePicker,bg-surface,1.338755,4.711305
p4-white,dark,ThemePicker,bg-surface-hover,1.338755,4.711305
p4-white,dark,ThemePicker,bg-surface-active,1.059785,3.060829
p4-white,dark,ThemePicker,bg-selection,1.338755,4.711305
p4-white,dark,ThemePicker,bg-popover,1.338755,4.711305
p4-white,dark,Composer,bg-bg,1.382025,5.290644
p4-white,dark,Composer,bg-bg-elevated,1.338755,4.711305
p4-white,dark,Composer,bg-surface,1.338755,4.711305
p4-white,dark,Composer,bg-surface-hover,1.338755,4.711305
p4-white,dark,Composer,bg-surface-active,1.059785,3.060829
p4-white,dark,Composer,bg-selection,1.338755,4.711305
p4-white,dark,Composer,bg-popover,1.338755,4.711305
p4-white,dark,ButtonInvalid,bg-bg,2.052830,5.290644
p4-white,dark,ButtonInvalid,bg-bg-elevated,2.093598,4.711305
p4-white,dark,ButtonInvalid,bg-surface,2.093598,4.711305
p4-white,dark,ButtonInvalid,bg-surface-hover,2.093598,4.711305
p4-white,dark,ButtonInvalid,bg-surface-active,1.831525,3.060829
p4-white,dark,ButtonInvalid,bg-selection,2.093598,4.711305
p4-white,dark,ButtonInvalid,bg-popover,2.093598,4.711305
p4-white,dark,InputInvalid,bg-bg,2.052830,5.290644
p4-white,dark,InputInvalid,bg-bg-elevated,2.093598,4.711305
p4-white,dark,InputInvalid,bg-surface,2.093598,4.711305
p4-white,dark,InputInvalid,bg-surface-hover,2.093598,4.711305
p4-white,dark,InputInvalid,bg-surface-active,1.831525,3.060829
p4-white,dark,InputInvalid,bg-selection,2.093598,4.711305
p4-white,dark,InputInvalid,bg-popover,2.093598,4.711305
p4-white,dark,TextareaInvalid,bg-bg,2.052830,5.290644
p4-white,dark,TextareaInvalid,bg-bg-elevated,2.093598,4.711305
p4-white,dark,TextareaInvalid,bg-surface,2.093598,4.711305
p4-white,dark,TextareaInvalid,bg-surface-hover,2.093598,4.711305
p4-white,dark,TextareaInvalid,bg-surface-active,1.831525,3.060829
p4-white,dark,TextareaInvalid,bg-selection,2.093598,4.711305
p4-white,dark,TextareaInvalid,bg-popover,2.093598,4.711305
p4-white,dark,CheckboxInvalid,bg-bg,1.315103,5.290644
p4-white,dark,CheckboxInvalid,bg-bg-elevated,1.377027,4.711305
p4-white,dark,CheckboxInvalid,bg-surface,1.377027,4.711305
p4-white,dark,CheckboxInvalid,bg-surface-hover,1.377027,4.711305
p4-white,dark,CheckboxInvalid,bg-surface-active,1.335220,3.060829
p4-white,dark,CheckboxInvalid,bg-selection,1.377027,4.711305
p4-white,dark,CheckboxInvalid,bg-popover,1.377027,4.711305
p4-white,dark,SwitchInvalid,bg-bg,2.052830,5.290644
p4-white,dark,SwitchInvalid,bg-bg-elevated,2.093598,4.711305
p4-white,dark,SwitchInvalid,bg-surface,2.093598,4.711305
p4-white,dark,SwitchInvalid,bg-surface-hover,2.093598,4.711305
p4-white,dark,SwitchInvalid,bg-surface-active,1.831525,3.060829
p4-white,dark,SwitchInvalid,bg-selection,2.093598,4.711305
p4-white,dark,SwitchInvalid,bg-popover,2.093598,4.711305
p4-white,dark,HudInput,bg-bg,1.382025,5.290644
p4-white,dark,HudInput,bg-bg-elevated,1.338755,4.711305
p4-white,dark,HudInput,bg-surface,1.338755,4.711305
p4-white,dark,HudInput,bg-surface-hover,1.338755,4.711305
p4-white,dark,HudInput,bg-surface-active,1.059785,3.060829
p4-white,dark,HudInput,bg-selection,1.338755,4.711305
p4-white,dark,HudInput,bg-popover,1.338755,4.711305
p4-white,light,Button,bg-bg,3.032759,14.270056
p4-white,light,Button,bg-bg-elevated,3.066332,14.894588
p4-white,light,Button,bg-surface,2.971226,13.204043
p4-white,light,Button,bg-surface-hover,2.876489,11.738398
p4-white,light,Button,bg-surface-active,2.751264,10.077520
p4-white,light,Button,bg-selection,2.751264,10.077520
p4-white,light,Button,bg-popover,3.066332,14.894588
p4-white,light,ButtonDestructive,bg-bg,1.443525,14.270056
p4-white,light,ButtonDestructive,bg-bg-elevated,1.448571,14.894588
p4-white,light,ButtonDestructive,bg-surface,1.434134,13.204043
p4-white,light,ButtonDestructive,bg-surface-hover,1.419283,11.738398
p4-white,light,ButtonDestructive,bg-surface-active,1.398877,10.077520
p4-white,light,ButtonDestructive,bg-selection,1.398877,10.077520
p4-white,light,ButtonDestructive,bg-popover,1.448571,14.894588
p4-white,light,Input,bg-bg,3.032759,14.270056
p4-white,light,Input,bg-bg-elevated,3.066332,14.894588
p4-white,light,Input,bg-surface,2.971226,13.204043
p4-white,light,Input,bg-surface-hover,2.876489,11.738398
p4-white,light,Input,bg-surface-active,2.751264,10.077520
p4-white,light,Input,bg-selection,2.751264,10.077520
p4-white,light,Input,bg-popover,3.066332,14.894588
p4-white,light,Textarea,bg-bg,3.032759,14.270056
p4-white,light,Textarea,bg-bg-elevated,3.066332,14.894588
p4-white,light,Textarea,bg-surface,2.971226,13.204043
p4-white,light,Textarea,bg-surface-hover,2.876489,11.738398
p4-white,light,Textarea,bg-surface-active,2.751264,10.077520
p4-white,light,Textarea,bg-selection,2.751264,10.077520
p4-white,light,Textarea,bg-popover,3.066332,14.894588
p4-white,light,Select,bg-bg,3.032759,14.270056
p4-white,light,Select,bg-bg-elevated,3.066332,14.894588
p4-white,light,Select,bg-surface,2.971226,13.204043
p4-white,light,Select,bg-surface-hover,2.876489,11.738398
p4-white,light,Select,bg-surface-active,2.751264,10.077520
p4-white,light,Select,bg-selection,2.751264,10.077520
p4-white,light,Select,bg-popover,3.066332,14.894588
p4-white,light,Checkbox,bg-bg,3.032759,14.270056
p4-white,light,Checkbox,bg-bg-elevated,3.066332,14.894588
p4-white,light,Checkbox,bg-surface,2.971226,13.204043
p4-white,light,Checkbox,bg-surface-hover,2.876489,11.738398
p4-white,light,Checkbox,bg-surface-active,2.751264,10.077520
p4-white,light,Checkbox,bg-selection,2.751264,10.077520
p4-white,light,Checkbox,bg-popover,3.066332,14.894588
p4-white,light,Switch,bg-bg,3.032759,14.270056
p4-white,light,Switch,bg-bg-elevated,3.066332,14.894588
p4-white,light,Switch,bg-surface,2.971226,13.204043
p4-white,light,Switch,bg-surface-hover,2.876489,11.738398
p4-white,light,Switch,bg-surface-active,2.751264,10.077520
p4-white,light,Switch,bg-selection,2.751264,10.077520
p4-white,light,Switch,bg-popover,3.066332,14.894588
p4-white,light,Tabs,bg-bg,14.894588,14.894588
p4-white,light,Tabs,bg-bg-elevated,14.894588,14.894588
p4-white,light,Tabs,bg-surface,14.894588,14.894588
p4-white,light,Tabs,bg-surface-hover,14.894588,14.894588
p4-white,light,Tabs,bg-surface-active,14.894588,14.894588
p4-white,light,Tabs,bg-selection,14.894588,14.894588
p4-white,light,Tabs,bg-popover,14.894588,14.894588
p4-white,light,Badge,bg-bg,14.270056,14.270056
p4-white,light,Badge,bg-bg-elevated,14.894588,14.894588
p4-white,light,Badge,bg-surface,13.204043,13.204043
p4-white,light,Badge,bg-surface-hover,11.738398,11.738398
p4-white,light,Badge,bg-surface-active,10.077520,10.077520
p4-white,light,Badge,bg-selection,10.077520,10.077520
p4-white,light,Badge,bg-popover,14.894588,14.894588
p4-white,light,BadgeDestructive,bg-bg,14.270056,14.270056
p4-white,light,BadgeDestructive,bg-bg-elevated,14.894588,14.894588
p4-white,light,BadgeDestructive,bg-surface,13.204043,13.204043
p4-white,light,BadgeDestructive,bg-surface-hover,11.738398,11.738398
p4-white,light,BadgeDestructive,bg-surface-active,10.077520,10.077520
p4-white,light,BadgeDestructive,bg-selection,10.077520,10.077520
p4-white,light,BadgeDestructive,bg-popover,14.894588,14.894588
p4-white,light,InputGroup,bg-bg,3.032759,14.270056
p4-white,light,InputGroup,bg-bg-elevated,3.066332,14.894588
p4-white,light,InputGroup,bg-surface,2.971226,13.204043
p4-white,light,InputGroup,bg-surface-hover,2.876489,11.738398
p4-white,light,InputGroup,bg-surface-active,2.751264,10.077520
p4-white,light,InputGroup,bg-selection,2.751264,10.077520
p4-white,light,InputGroup,bg-popover,3.066332,14.894588
p4-white,light,InputGroupInvalid,bg-bg,1.443525,14.270056
p4-white,light,InputGroupInvalid,bg-bg-elevated,1.448571,14.894588
p4-white,light,InputGroupInvalid,bg-surface,1.434134,13.204043
p4-white,light,InputGroupInvalid,bg-surface-hover,1.419283,11.738398
p4-white,light,InputGroupInvalid,bg-surface-active,1.398877,10.077520
p4-white,light,InputGroupInvalid,bg-selection,1.398877,10.077520
p4-white,light,InputGroupInvalid,bg-popover,1.448571,14.894588
p4-white,light,SelectInvalid,bg-bg,1.443525,14.270056
p4-white,light,SelectInvalid,bg-bg-elevated,1.448571,14.894588
p4-white,light,SelectInvalid,bg-surface,1.434134,13.204043
p4-white,light,SelectInvalid,bg-surface-hover,1.419283,11.738398
p4-white,light,SelectInvalid,bg-surface-active,1.398877,10.077520
p4-white,light,SelectInvalid,bg-selection,1.398877,10.077520
p4-white,light,SelectInvalid,bg-popover,1.448571,14.894588
p4-white,light,BadgeInvalid,bg-bg,14.270056,14.270056
p4-white,light,BadgeInvalid,bg-bg-elevated,14.894588,14.894588
p4-white,light,BadgeInvalid,bg-surface,13.204043,13.204043
p4-white,light,BadgeInvalid,bg-surface-hover,11.738398,11.738398
p4-white,light,BadgeInvalid,bg-surface-active,10.077520,10.077520
p4-white,light,BadgeInvalid,bg-selection,10.077520,10.077520
p4-white,light,BadgeInvalid,bg-popover,14.894588,14.894588
p4-white,light,ScrollArea,bg-bg,3.032759,14.270056
p4-white,light,ScrollArea,bg-bg-elevated,3.066332,14.894588
p4-white,light,ScrollArea,bg-surface,2.971226,13.204043
p4-white,light,ScrollArea,bg-surface-hover,2.876489,11.738398
p4-white,light,ScrollArea,bg-surface-active,2.751264,10.077520
p4-white,light,ScrollArea,bg-selection,2.751264,10.077520
p4-white,light,ScrollArea,bg-popover,3.066332,14.894588
p4-white,light,ThemePicker,bg-bg,14.270056,14.270056
p4-white,light,ThemePicker,bg-bg-elevated,14.894588,14.894588
p4-white,light,ThemePicker,bg-surface,13.204043,13.204043
p4-white,light,ThemePicker,bg-surface-hover,11.738398,11.738398
p4-white,light,ThemePicker,bg-surface-active,10.077520,10.077520
p4-white,light,ThemePicker,bg-selection,10.077520,10.077520
p4-white,light,ThemePicker,bg-popover,14.894588,14.894588
p4-white,light,Composer,bg-bg,14.270056,14.270056
p4-white,light,Composer,bg-bg-elevated,14.894588,14.894588
p4-white,light,Composer,bg-surface,13.204043,13.204043
p4-white,light,Composer,bg-surface-hover,11.738398,11.738398
p4-white,light,Composer,bg-surface-active,10.077520,10.077520
p4-white,light,Composer,bg-selection,10.077520,10.077520
p4-white,light,Composer,bg-popover,14.894588,14.894588
p4-white,light,ButtonInvalid,bg-bg,1.443525,14.270056
p4-white,light,ButtonInvalid,bg-bg-elevated,1.448571,14.894588
p4-white,light,ButtonInvalid,bg-surface,1.434134,13.204043
p4-white,light,ButtonInvalid,bg-surface-hover,1.419283,11.738398
p4-white,light,ButtonInvalid,bg-surface-active,1.398877,10.077520
p4-white,light,ButtonInvalid,bg-selection,1.398877,10.077520
p4-white,light,ButtonInvalid,bg-popover,1.448571,14.894588
p4-white,light,InputInvalid,bg-bg,1.443525,14.270056
p4-white,light,InputInvalid,bg-bg-elevated,1.448571,14.894588
p4-white,light,InputInvalid,bg-surface,1.434134,13.204043
p4-white,light,InputInvalid,bg-surface-hover,1.419283,11.738398
p4-white,light,InputInvalid,bg-surface-active,1.398877,10.077520
p4-white,light,InputInvalid,bg-selection,1.398877,10.077520
p4-white,light,InputInvalid,bg-popover,1.448571,14.894588
p4-white,light,TextareaInvalid,bg-bg,1.443525,14.270056
p4-white,light,TextareaInvalid,bg-bg-elevated,1.448571,14.894588
p4-white,light,TextareaInvalid,bg-surface,1.434134,13.204043
p4-white,light,TextareaInvalid,bg-surface-hover,1.419283,11.738398
p4-white,light,TextareaInvalid,bg-surface-active,1.398877,10.077520
p4-white,light,TextareaInvalid,bg-selection,1.398877,10.077520
p4-white,light,TextareaInvalid,bg-popover,1.448571,14.894588
p4-white,light,CheckboxInvalid,bg-bg,1.443525,14.270056
p4-white,light,CheckboxInvalid,bg-bg-elevated,1.448571,14.894588
p4-white,light,CheckboxInvalid,bg-surface,1.434134,13.204043
p4-white,light,CheckboxInvalid,bg-surface-hover,1.419283,11.738398
p4-white,light,CheckboxInvalid,bg-surface-active,1.398877,10.077520
p4-white,light,CheckboxInvalid,bg-selection,1.398877,10.077520
p4-white,light,CheckboxInvalid,bg-popover,1.448571,14.894588
p4-white,light,SwitchInvalid,bg-bg,1.443525,14.270056
p4-white,light,SwitchInvalid,bg-bg-elevated,1.448571,14.894588
p4-white,light,SwitchInvalid,bg-surface,1.434134,13.204043
p4-white,light,SwitchInvalid,bg-surface-hover,1.419283,11.738398
p4-white,light,SwitchInvalid,bg-surface-active,1.398877,10.077520
p4-white,light,SwitchInvalid,bg-selection,1.398877,10.077520
p4-white,light,SwitchInvalid,bg-popover,1.448571,14.894588
p4-white,light,HudInput,bg-bg,14.270056,14.270056
p4-white,light,HudInput,bg-bg-elevated,14.894588,14.894588
p4-white,light,HudInput,bg-surface,13.204043,13.204043
p4-white,light,HudInput,bg-surface-hover,11.738398,11.738398
p4-white,light,HudInput,bg-surface-active,10.077520,10.077520
p4-white,light,HudInput,bg-selection,10.077520,10.077520
p4-white,light,HudInput,bg-popover,14.894588,14.894588
p1-green-phosphor,dark,Button,bg-bg,2.183348,5.577085
p1-green-phosphor,dark,Button,bg-bg-elevated,2.298339,5.411534
p1-green-phosphor,dark,Button,bg-surface,2.298339,5.411534
p1-green-phosphor,dark,Button,bg-surface-hover,2.307425,5.215390
p1-green-phosphor,dark,Button,bg-surface-active,2.136954,4.148815
p1-green-phosphor,dark,Button,bg-selection,2.298339,5.411534
p1-green-phosphor,dark,Button,bg-popover,2.298339,5.411534
p1-green-phosphor,dark,ButtonDestructive,bg-bg,2.650648,5.577085
p1-green-phosphor,dark,ButtonDestructive,bg-bg-elevated,2.689376,5.411534
p1-green-phosphor,dark,ButtonDestructive,bg-surface,2.689376,5.411534
p1-green-phosphor,dark,ButtonDestructive,bg-surface-hover,2.651734,5.215390
p1-green-phosphor,dark,ButtonDestructive,bg-surface-active,2.247836,4.148815
p1-green-phosphor,dark,ButtonDestructive,bg-selection,2.689376,5.411534
p1-green-phosphor,dark,ButtonDestructive,bg-popover,2.689376,5.411534
p1-green-phosphor,dark,Input,bg-bg,2.183348,5.577085
p1-green-phosphor,dark,Input,bg-bg-elevated,2.298339,5.411534
p1-green-phosphor,dark,Input,bg-surface,2.298339,5.411534
p1-green-phosphor,dark,Input,bg-surface-hover,2.307425,5.215390
p1-green-phosphor,dark,Input,bg-surface-active,2.136954,4.148815
p1-green-phosphor,dark,Input,bg-selection,2.298339,5.411534
p1-green-phosphor,dark,Input,bg-popover,2.298339,5.411534
p1-green-phosphor,dark,Textarea,bg-bg,2.183348,5.577085
p1-green-phosphor,dark,Textarea,bg-bg-elevated,2.298339,5.411534
p1-green-phosphor,dark,Textarea,bg-surface,2.298339,5.411534
p1-green-phosphor,dark,Textarea,bg-surface-hover,2.307425,5.215390
p1-green-phosphor,dark,Textarea,bg-surface-active,2.136954,4.148815
p1-green-phosphor,dark,Textarea,bg-selection,2.298339,5.411534
p1-green-phosphor,dark,Textarea,bg-popover,2.298339,5.411534
p1-green-phosphor,dark,Select,bg-bg,2.183348,5.577085
p1-green-phosphor,dark,Select,bg-bg-elevated,2.298339,5.411534
p1-green-phosphor,dark,Select,bg-surface,2.298339,5.411534
p1-green-phosphor,dark,Select,bg-surface-hover,2.307425,5.215390
p1-green-phosphor,dark,Select,bg-surface-active,2.136954,4.148815
p1-green-phosphor,dark,Select,bg-selection,2.298339,5.411534
p1-green-phosphor,dark,Select,bg-popover,2.298339,5.411534
p1-green-phosphor,dark,Checkbox,bg-bg,2.183348,5.577085
p1-green-phosphor,dark,Checkbox,bg-bg-elevated,2.298339,5.411534
p1-green-phosphor,dark,Checkbox,bg-surface,2.298339,5.411534
p1-green-phosphor,dark,Checkbox,bg-surface-hover,2.307425,5.215390
p1-green-phosphor,dark,Checkbox,bg-surface-active,2.136954,4.148815
p1-green-phosphor,dark,Checkbox,bg-selection,2.298339,5.411534
p1-green-phosphor,dark,Checkbox,bg-popover,2.298339,5.411534
p1-green-phosphor,dark,Switch,bg-bg,2.183348,5.577085
p1-green-phosphor,dark,Switch,bg-bg-elevated,2.298339,5.411534
p1-green-phosphor,dark,Switch,bg-surface,2.298339,5.411534
p1-green-phosphor,dark,Switch,bg-surface-hover,2.307425,5.215390
p1-green-phosphor,dark,Switch,bg-surface-active,2.136954,4.148815
p1-green-phosphor,dark,Switch,bg-selection,2.298339,5.411534
p1-green-phosphor,dark,Switch,bg-popover,2.298339,5.411534
p1-green-phosphor,dark,Tabs,bg-bg,5.411534,5.411534
p1-green-phosphor,dark,Tabs,bg-bg-elevated,5.411534,5.411534
p1-green-phosphor,dark,Tabs,bg-surface,5.411534,5.411534
p1-green-phosphor,dark,Tabs,bg-surface-hover,5.411534,5.411534
p1-green-phosphor,dark,Tabs,bg-surface-active,5.411534,5.411534
p1-green-phosphor,dark,Tabs,bg-selection,5.411534,5.411534
p1-green-phosphor,dark,Tabs,bg-popover,5.411534,5.411534
p1-green-phosphor,dark,Badge,bg-bg,5.577085,5.577085
p1-green-phosphor,dark,Badge,bg-bg-elevated,5.411534,5.411534
p1-green-phosphor,dark,Badge,bg-surface,5.411534,5.411534
p1-green-phosphor,dark,Badge,bg-surface-hover,5.215390,5.215390
p1-green-phosphor,dark,Badge,bg-surface-active,4.148815,4.148815
p1-green-phosphor,dark,Badge,bg-selection,5.411534,5.411534
p1-green-phosphor,dark,Badge,bg-popover,5.411534,5.411534
p1-green-phosphor,dark,BadgeDestructive,bg-bg,5.577085,5.577085
p1-green-phosphor,dark,BadgeDestructive,bg-bg-elevated,5.411534,5.411534
p1-green-phosphor,dark,BadgeDestructive,bg-surface,5.411534,5.411534
p1-green-phosphor,dark,BadgeDestructive,bg-surface-hover,5.215390,5.215390
p1-green-phosphor,dark,BadgeDestructive,bg-surface-active,4.148815,4.148815
p1-green-phosphor,dark,BadgeDestructive,bg-selection,5.411534,5.411534
p1-green-phosphor,dark,BadgeDestructive,bg-popover,5.411534,5.411534
p1-green-phosphor,dark,InputGroup,bg-bg,2.183348,5.577085
p1-green-phosphor,dark,InputGroup,bg-bg-elevated,2.298339,5.411534
p1-green-phosphor,dark,InputGroup,bg-surface,2.298339,5.411534
p1-green-phosphor,dark,InputGroup,bg-surface-hover,2.307425,5.215390
p1-green-phosphor,dark,InputGroup,bg-surface-active,2.136954,4.148815
p1-green-phosphor,dark,InputGroup,bg-selection,2.298339,5.411534
p1-green-phosphor,dark,InputGroup,bg-popover,2.298339,5.411534
p1-green-phosphor,dark,InputGroupInvalid,bg-bg,2.650648,5.577085
p1-green-phosphor,dark,InputGroupInvalid,bg-bg-elevated,2.689376,5.411534
p1-green-phosphor,dark,InputGroupInvalid,bg-surface,2.689376,5.411534
p1-green-phosphor,dark,InputGroupInvalid,bg-surface-hover,2.651734,5.215390
p1-green-phosphor,dark,InputGroupInvalid,bg-surface-active,2.247836,4.148815
p1-green-phosphor,dark,InputGroupInvalid,bg-selection,2.689376,5.411534
p1-green-phosphor,dark,InputGroupInvalid,bg-popover,2.689376,5.411534
p1-green-phosphor,dark,SelectInvalid,bg-bg,2.650648,5.577085
p1-green-phosphor,dark,SelectInvalid,bg-bg-elevated,2.689376,5.411534
p1-green-phosphor,dark,SelectInvalid,bg-surface,2.689376,5.411534
p1-green-phosphor,dark,SelectInvalid,bg-surface-hover,2.651734,5.215390
p1-green-phosphor,dark,SelectInvalid,bg-surface-active,2.247836,4.148815
p1-green-phosphor,dark,SelectInvalid,bg-selection,2.689376,5.411534
p1-green-phosphor,dark,SelectInvalid,bg-popover,2.689376,5.411534
p1-green-phosphor,dark,BadgeInvalid,bg-bg,5.577085,5.577085
p1-green-phosphor,dark,BadgeInvalid,bg-bg-elevated,5.411534,5.411534
p1-green-phosphor,dark,BadgeInvalid,bg-surface,5.411534,5.411534
p1-green-phosphor,dark,BadgeInvalid,bg-surface-hover,5.215390,5.215390
p1-green-phosphor,dark,BadgeInvalid,bg-surface-active,4.148815,4.148815
p1-green-phosphor,dark,BadgeInvalid,bg-selection,5.411534,5.411534
p1-green-phosphor,dark,BadgeInvalid,bg-popover,5.411534,5.411534
p1-green-phosphor,dark,ScrollArea,bg-bg,2.183348,5.577085
p1-green-phosphor,dark,ScrollArea,bg-bg-elevated,2.298339,5.411534
p1-green-phosphor,dark,ScrollArea,bg-surface,2.298339,5.411534
p1-green-phosphor,dark,ScrollArea,bg-surface-hover,2.307425,5.215390
p1-green-phosphor,dark,ScrollArea,bg-surface-active,2.136954,4.148815
p1-green-phosphor,dark,ScrollArea,bg-selection,2.298339,5.411534
p1-green-phosphor,dark,ScrollArea,bg-popover,2.298339,5.411534
p1-green-phosphor,dark,ThemePicker,bg-bg,5.577085,5.577085
p1-green-phosphor,dark,ThemePicker,bg-bg-elevated,5.411534,5.411534
p1-green-phosphor,dark,ThemePicker,bg-surface,5.411534,5.411534
p1-green-phosphor,dark,ThemePicker,bg-surface-hover,5.215390,5.215390
p1-green-phosphor,dark,ThemePicker,bg-surface-active,4.148815,4.148815
p1-green-phosphor,dark,ThemePicker,bg-selection,5.411534,5.411534
p1-green-phosphor,dark,ThemePicker,bg-popover,5.411534,5.411534
p1-green-phosphor,dark,Composer,bg-bg,5.577085,5.577085
p1-green-phosphor,dark,Composer,bg-bg-elevated,5.411534,5.411534
p1-green-phosphor,dark,Composer,bg-surface,5.411534,5.411534
p1-green-phosphor,dark,Composer,bg-surface-hover,5.215390,5.215390
p1-green-phosphor,dark,Composer,bg-surface-active,4.148815,4.148815
p1-green-phosphor,dark,Composer,bg-selection,5.411534,5.411534
p1-green-phosphor,dark,Composer,bg-popover,5.411534,5.411534
p1-green-phosphor,dark,ButtonInvalid,bg-bg,2.650648,5.577085
p1-green-phosphor,dark,ButtonInvalid,bg-bg-elevated,2.689376,5.411534
p1-green-phosphor,dark,ButtonInvalid,bg-surface,2.689376,5.411534
p1-green-phosphor,dark,ButtonInvalid,bg-surface-hover,2.651734,5.215390
p1-green-phosphor,dark,ButtonInvalid,bg-surface-active,2.247836,4.148815
p1-green-phosphor,dark,ButtonInvalid,bg-selection,2.689376,5.411534
p1-green-phosphor,dark,ButtonInvalid,bg-popover,2.689376,5.411534
p1-green-phosphor,dark,InputInvalid,bg-bg,2.650648,5.577085
p1-green-phosphor,dark,InputInvalid,bg-bg-elevated,2.689376,5.411534
p1-green-phosphor,dark,InputInvalid,bg-surface,2.689376,5.411534
p1-green-phosphor,dark,InputInvalid,bg-surface-hover,2.651734,5.215390
p1-green-phosphor,dark,InputInvalid,bg-surface-active,2.247836,4.148815
p1-green-phosphor,dark,InputInvalid,bg-selection,2.689376,5.411534
p1-green-phosphor,dark,InputInvalid,bg-popover,2.689376,5.411534
p1-green-phosphor,dark,TextareaInvalid,bg-bg,2.650648,5.577085
p1-green-phosphor,dark,TextareaInvalid,bg-bg-elevated,2.689376,5.411534
p1-green-phosphor,dark,TextareaInvalid,bg-surface,2.689376,5.411534
p1-green-phosphor,dark,TextareaInvalid,bg-surface-hover,2.651734,5.215390
p1-green-phosphor,dark,TextareaInvalid,bg-surface-active,2.247836,4.148815
p1-green-phosphor,dark,TextareaInvalid,bg-selection,2.689376,5.411534
p1-green-phosphor,dark,TextareaInvalid,bg-popover,2.689376,5.411534
p1-green-phosphor,dark,CheckboxInvalid,bg-bg,1.483624,5.577085
p1-green-phosphor,dark,CheckboxInvalid,bg-bg-elevated,1.561777,5.411534
p1-green-phosphor,dark,CheckboxInvalid,bg-surface,1.561777,5.411534
p1-green-phosphor,dark,CheckboxInvalid,bg-surface-hover,1.575828,5.215390
p1-green-phosphor,dark,CheckboxInvalid,bg-surface-active,1.482348,4.148815
p1-green-phosphor,dark,CheckboxInvalid,bg-selection,1.561777,5.411534
p1-green-phosphor,dark,CheckboxInvalid,bg-popover,1.561777,5.411534
p1-green-phosphor,dark,SwitchInvalid,bg-bg,2.650648,5.577085
p1-green-phosphor,dark,SwitchInvalid,bg-bg-elevated,2.689376,5.411534
p1-green-phosphor,dark,SwitchInvalid,bg-surface,2.689376,5.411534
p1-green-phosphor,dark,SwitchInvalid,bg-surface-hover,2.651734,5.215390
p1-green-phosphor,dark,SwitchInvalid,bg-surface-active,2.247836,4.148815
p1-green-phosphor,dark,SwitchInvalid,bg-selection,2.689376,5.411534
p1-green-phosphor,dark,SwitchInvalid,bg-popover,2.689376,5.411534
p1-green-phosphor,dark,HudInput,bg-bg,5.577085,5.577085
p1-green-phosphor,dark,HudInput,bg-bg-elevated,5.411534,5.411534
p1-green-phosphor,dark,HudInput,bg-surface,5.411534,5.411534
p1-green-phosphor,dark,HudInput,bg-surface-hover,5.215390,5.215390
p1-green-phosphor,dark,HudInput,bg-surface-active,4.148815,4.148815
p1-green-phosphor,dark,HudInput,bg-selection,5.411534,5.411534
p1-green-phosphor,dark,HudInput,bg-popover,5.411534,5.411534
p1-green-phosphor,light,Button,bg-bg,2.345063,7.104859
p1-green-phosphor,light,Button,bg-bg-elevated,2.392382,7.520501
p1-green-phosphor,light,Button,bg-surface,2.270469,6.474421
p1-green-phosphor,light,Button,bg-surface-hover,2.196235,5.911718
p1-green-phosphor,light,Button,bg-surface-active,2.102866,5.252744
p1-green-phosphor,light,Button,bg-selection,2.102866,5.252744
p1-green-phosphor,light,Button,bg-popover,2.392382,7.520501
p1-green-phosphor,light,ButtonDestructive,bg-bg,1.373844,7.104859
p1-green-phosphor,light,ButtonDestructive,bg-bg-elevated,1.380482,7.520501
p1-green-phosphor,light,ButtonDestructive,bg-surface,1.362256,6.474421
p1-green-phosphor,light,ButtonDestructive,bg-surface-hover,1.351138,5.911718
p1-green-phosphor,light,ButtonDestructive,bg-surface-active,1.335424,5.252744
p1-green-phosphor,light,ButtonDestructive,bg-selection,1.335424,5.252744
p1-green-phosphor,light,ButtonDestructive,bg-popover,1.380482,7.520501
p1-green-phosphor,light,Input,bg-bg,2.345063,7.104859
p1-green-phosphor,light,Input,bg-bg-elevated,2.392382,7.520501
p1-green-phosphor,light,Input,bg-surface,2.270469,6.474421
p1-green-phosphor,light,Input,bg-surface-hover,2.196235,5.911718
p1-green-phosphor,light,Input,bg-surface-active,2.102866,5.252744
p1-green-phosphor,light,Input,bg-selection,2.102866,5.252744
p1-green-phosphor,light,Input,bg-popover,2.392382,7.520501
p1-green-phosphor,light,Textarea,bg-bg,2.345063,7.104859
p1-green-phosphor,light,Textarea,bg-bg-elevated,2.392382,7.520501
p1-green-phosphor,light,Textarea,bg-surface,2.270469,6.474421
p1-green-phosphor,light,Textarea,bg-surface-hover,2.196235,5.911718
p1-green-phosphor,light,Textarea,bg-surface-active,2.102866,5.252744
p1-green-phosphor,light,Textarea,bg-selection,2.102866,5.252744
p1-green-phosphor,light,Textarea,bg-popover,2.392382,7.520501
p1-green-phosphor,light,Select,bg-bg,2.345063,7.104859
p1-green-phosphor,light,Select,bg-bg-elevated,2.392382,7.520501
p1-green-phosphor,light,Select,bg-surface,2.270469,6.474421
p1-green-phosphor,light,Select,bg-surface-hover,2.196235,5.911718
p1-green-phosphor,light,Select,bg-surface-active,2.102866,5.252744
p1-green-phosphor,light,Select,bg-selection,2.102866,5.252744
p1-green-phosphor,light,Select,bg-popover,2.392382,7.520501
p1-green-phosphor,light,Checkbox,bg-bg,2.345063,7.104859
p1-green-phosphor,light,Checkbox,bg-bg-elevated,2.392382,7.520501
p1-green-phosphor,light,Checkbox,bg-surface,2.270469,6.474421
p1-green-phosphor,light,Checkbox,bg-surface-hover,2.196235,5.911718
p1-green-phosphor,light,Checkbox,bg-surface-active,2.102866,5.252744
p1-green-phosphor,light,Checkbox,bg-selection,2.102866,5.252744
p1-green-phosphor,light,Checkbox,bg-popover,2.392382,7.520501
p1-green-phosphor,light,Switch,bg-bg,2.345063,7.104859
p1-green-phosphor,light,Switch,bg-bg-elevated,2.392382,7.520501
p1-green-phosphor,light,Switch,bg-surface,2.270469,6.474421
p1-green-phosphor,light,Switch,bg-surface-hover,2.196235,5.911718
p1-green-phosphor,light,Switch,bg-surface-active,2.102866,5.252744
p1-green-phosphor,light,Switch,bg-selection,2.102866,5.252744
p1-green-phosphor,light,Switch,bg-popover,2.392382,7.520501
p1-green-phosphor,light,Tabs,bg-bg,7.520501,7.520501
p1-green-phosphor,light,Tabs,bg-bg-elevated,7.520501,7.520501
p1-green-phosphor,light,Tabs,bg-surface,7.520501,7.520501
p1-green-phosphor,light,Tabs,bg-surface-hover,7.520501,7.520501
p1-green-phosphor,light,Tabs,bg-surface-active,7.520501,7.520501
p1-green-phosphor,light,Tabs,bg-selection,7.520501,7.520501
p1-green-phosphor,light,Tabs,bg-popover,7.520501,7.520501
p1-green-phosphor,light,Badge,bg-bg,7.104859,7.104859
p1-green-phosphor,light,Badge,bg-bg-elevated,7.520501,7.520501
p1-green-phosphor,light,Badge,bg-surface,6.474421,6.474421
p1-green-phosphor,light,Badge,bg-surface-hover,5.911718,5.911718
p1-green-phosphor,light,Badge,bg-surface-active,5.252744,5.252744
p1-green-phosphor,light,Badge,bg-selection,5.252744,5.252744
p1-green-phosphor,light,Badge,bg-popover,7.520501,7.520501
p1-green-phosphor,light,BadgeDestructive,bg-bg,7.104859,7.104859
p1-green-phosphor,light,BadgeDestructive,bg-bg-elevated,7.520501,7.520501
p1-green-phosphor,light,BadgeDestructive,bg-surface,6.474421,6.474421
p1-green-phosphor,light,BadgeDestructive,bg-surface-hover,5.911718,5.911718
p1-green-phosphor,light,BadgeDestructive,bg-surface-active,5.252744,5.252744
p1-green-phosphor,light,BadgeDestructive,bg-selection,5.252744,5.252744
p1-green-phosphor,light,BadgeDestructive,bg-popover,7.520501,7.520501
p1-green-phosphor,light,InputGroup,bg-bg,2.345063,7.104859
p1-green-phosphor,light,InputGroup,bg-bg-elevated,2.392382,7.520501
p1-green-phosphor,light,InputGroup,bg-surface,2.270469,6.474421
p1-green-phosphor,light,InputGroup,bg-surface-hover,2.196235,5.911718
p1-green-phosphor,light,InputGroup,bg-surface-active,2.102866,5.252744
p1-green-phosphor,light,InputGroup,bg-selection,2.102866,5.252744
p1-green-phosphor,light,InputGroup,bg-popover,2.392382,7.520501
p1-green-phosphor,light,InputGroupInvalid,bg-bg,1.373844,7.104859
p1-green-phosphor,light,InputGroupInvalid,bg-bg-elevated,1.380482,7.520501
p1-green-phosphor,light,InputGroupInvalid,bg-surface,1.362256,6.474421
p1-green-phosphor,light,InputGroupInvalid,bg-surface-hover,1.351138,5.911718
p1-green-phosphor,light,InputGroupInvalid,bg-surface-active,1.335424,5.252744
p1-green-phosphor,light,InputGroupInvalid,bg-selection,1.335424,5.252744
p1-green-phosphor,light,InputGroupInvalid,bg-popover,1.380482,7.520501
p1-green-phosphor,light,SelectInvalid,bg-bg,1.373844,7.104859
p1-green-phosphor,light,SelectInvalid,bg-bg-elevated,1.380482,7.520501
p1-green-phosphor,light,SelectInvalid,bg-surface,1.362256,6.474421
p1-green-phosphor,light,SelectInvalid,bg-surface-hover,1.351138,5.911718
p1-green-phosphor,light,SelectInvalid,bg-surface-active,1.335424,5.252744
p1-green-phosphor,light,SelectInvalid,bg-selection,1.335424,5.252744
p1-green-phosphor,light,SelectInvalid,bg-popover,1.380482,7.520501
p1-green-phosphor,light,BadgeInvalid,bg-bg,7.104859,7.104859
p1-green-phosphor,light,BadgeInvalid,bg-bg-elevated,7.520501,7.520501
p1-green-phosphor,light,BadgeInvalid,bg-surface,6.474421,6.474421
p1-green-phosphor,light,BadgeInvalid,bg-surface-hover,5.911718,5.911718
p1-green-phosphor,light,BadgeInvalid,bg-surface-active,5.252744,5.252744
p1-green-phosphor,light,BadgeInvalid,bg-selection,5.252744,5.252744
p1-green-phosphor,light,BadgeInvalid,bg-popover,7.520501,7.520501
p1-green-phosphor,light,ScrollArea,bg-bg,2.345063,7.104859
p1-green-phosphor,light,ScrollArea,bg-bg-elevated,2.392382,7.520501
p1-green-phosphor,light,ScrollArea,bg-surface,2.270469,6.474421
p1-green-phosphor,light,ScrollArea,bg-surface-hover,2.196235,5.911718
p1-green-phosphor,light,ScrollArea,bg-surface-active,2.102866,5.252744
p1-green-phosphor,light,ScrollArea,bg-selection,2.102866,5.252744
p1-green-phosphor,light,ScrollArea,bg-popover,2.392382,7.520501
p1-green-phosphor,light,ThemePicker,bg-bg,7.104859,7.104859
p1-green-phosphor,light,ThemePicker,bg-bg-elevated,7.520501,7.520501
p1-green-phosphor,light,ThemePicker,bg-surface,6.474421,6.474421
p1-green-phosphor,light,ThemePicker,bg-surface-hover,5.911718,5.911718
p1-green-phosphor,light,ThemePicker,bg-surface-active,5.252744,5.252744
p1-green-phosphor,light,ThemePicker,bg-selection,5.252744,5.252744
p1-green-phosphor,light,ThemePicker,bg-popover,7.520501,7.520501
p1-green-phosphor,light,Composer,bg-bg,7.104859,7.104859
p1-green-phosphor,light,Composer,bg-bg-elevated,7.520501,7.520501
p1-green-phosphor,light,Composer,bg-surface,6.474421,6.474421
p1-green-phosphor,light,Composer,bg-surface-hover,5.911718,5.911718
p1-green-phosphor,light,Composer,bg-surface-active,5.252744,5.252744
p1-green-phosphor,light,Composer,bg-selection,5.252744,5.252744
p1-green-phosphor,light,Composer,bg-popover,7.520501,7.520501
p1-green-phosphor,light,ButtonInvalid,bg-bg,1.373844,7.104859
p1-green-phosphor,light,ButtonInvalid,bg-bg-elevated,1.380482,7.520501
p1-green-phosphor,light,ButtonInvalid,bg-surface,1.362256,6.474421
p1-green-phosphor,light,ButtonInvalid,bg-surface-hover,1.351138,5.911718
p1-green-phosphor,light,ButtonInvalid,bg-surface-active,1.335424,5.252744
p1-green-phosphor,light,ButtonInvalid,bg-selection,1.335424,5.252744
p1-green-phosphor,light,ButtonInvalid,bg-popover,1.380482,7.520501
p1-green-phosphor,light,InputInvalid,bg-bg,1.373844,7.104859
p1-green-phosphor,light,InputInvalid,bg-bg-elevated,1.380482,7.520501
p1-green-phosphor,light,InputInvalid,bg-surface,1.362256,6.474421
p1-green-phosphor,light,InputInvalid,bg-surface-hover,1.351138,5.911718
p1-green-phosphor,light,InputInvalid,bg-surface-active,1.335424,5.252744
p1-green-phosphor,light,InputInvalid,bg-selection,1.335424,5.252744
p1-green-phosphor,light,InputInvalid,bg-popover,1.380482,7.520501
p1-green-phosphor,light,TextareaInvalid,bg-bg,1.373844,7.104859
p1-green-phosphor,light,TextareaInvalid,bg-bg-elevated,1.380482,7.520501
p1-green-phosphor,light,TextareaInvalid,bg-surface,1.362256,6.474421
p1-green-phosphor,light,TextareaInvalid,bg-surface-hover,1.351138,5.911718
p1-green-phosphor,light,TextareaInvalid,bg-surface-active,1.335424,5.252744
p1-green-phosphor,light,TextareaInvalid,bg-selection,1.335424,5.252744
p1-green-phosphor,light,TextareaInvalid,bg-popover,1.380482,7.520501
p1-green-phosphor,light,CheckboxInvalid,bg-bg,1.373844,7.104859
p1-green-phosphor,light,CheckboxInvalid,bg-bg-elevated,1.380482,7.520501
p1-green-phosphor,light,CheckboxInvalid,bg-surface,1.362256,6.474421
p1-green-phosphor,light,CheckboxInvalid,bg-surface-hover,1.351138,5.911718
p1-green-phosphor,light,CheckboxInvalid,bg-surface-active,1.335424,5.252744
p1-green-phosphor,light,CheckboxInvalid,bg-selection,1.335424,5.252744
p1-green-phosphor,light,CheckboxInvalid,bg-popover,1.380482,7.520501
p1-green-phosphor,light,SwitchInvalid,bg-bg,1.373844,7.104859
p1-green-phosphor,light,SwitchInvalid,bg-bg-elevated,1.380482,7.520501
p1-green-phosphor,light,SwitchInvalid,bg-surface,1.362256,6.474421
p1-green-phosphor,light,SwitchInvalid,bg-surface-hover,1.351138,5.911718
p1-green-phosphor,light,SwitchInvalid,bg-surface-active,1.335424,5.252744
p1-green-phosphor,light,SwitchInvalid,bg-selection,1.335424,5.252744
p1-green-phosphor,light,SwitchInvalid,bg-popover,1.380482,7.520501
p1-green-phosphor,light,HudInput,bg-bg,7.104859,7.104859
p1-green-phosphor,light,HudInput,bg-bg-elevated,7.520501,7.520501
p1-green-phosphor,light,HudInput,bg-surface,6.474421,6.474421
p1-green-phosphor,light,HudInput,bg-surface-hover,5.911718,5.911718
p1-green-phosphor,light,HudInput,bg-surface-active,5.252744,5.252744
p1-green-phosphor,light,HudInput,bg-selection,5.252744,5.252744
p1-green-phosphor,light,HudInput,bg-popover,7.520501,7.520501
p3-amber-phosphor,dark,Button,bg-bg,1.987561,4.783090
p3-amber-phosphor,dark,Button,bg-bg-elevated,2.091127,4.693542
p3-amber-phosphor,dark,Button,bg-surface,2.091127,4.693542
p3-amber-phosphor,dark,Button,bg-surface-hover,2.105959,4.566884
p3-amber-phosphor,dark,Button,bg-surface-active,2.003695,3.818809
p3-amber-phosphor,dark,Button,bg-selection,2.091127,4.693542
p3-amber-phosphor,dark,Button,bg-popover,2.091127,4.693542
p3-amber-phosphor,dark,ButtonDestructive,bg-bg,2.042348,4.783090
p3-amber-phosphor,dark,ButtonDestructive,bg-bg-elevated,2.096465,4.693542
p3-amber-phosphor,dark,ButtonDestructive,bg-surface,2.096465,4.693542
p3-amber-phosphor,dark,ButtonDestructive,bg-surface-hover,2.084265,4.566884
p3-amber-phosphor,dark,ButtonDestructive,bg-surface-active,1.898440,3.818809
p3-amber-phosphor,dark,ButtonDestructive,bg-selection,2.096465,4.693542
p3-amber-phosphor,dark,ButtonDestructive,bg-popover,2.096465,4.693542
p3-amber-phosphor,dark,Input,bg-bg,1.987561,4.783090
p3-amber-phosphor,dark,Input,bg-bg-elevated,2.091127,4.693542
p3-amber-phosphor,dark,Input,bg-surface,2.091127,4.693542
p3-amber-phosphor,dark,Input,bg-surface-hover,2.105959,4.566884
p3-amber-phosphor,dark,Input,bg-surface-active,2.003695,3.818809
p3-amber-phosphor,dark,Input,bg-selection,2.091127,4.693542
p3-amber-phosphor,dark,Input,bg-popover,2.091127,4.693542
p3-amber-phosphor,dark,Textarea,bg-bg,1.987561,4.783090
p3-amber-phosphor,dark,Textarea,bg-bg-elevated,2.091127,4.693542
p3-amber-phosphor,dark,Textarea,bg-surface,2.091127,4.693542
p3-amber-phosphor,dark,Textarea,bg-surface-hover,2.105959,4.566884
p3-amber-phosphor,dark,Textarea,bg-surface-active,2.003695,3.818809
p3-amber-phosphor,dark,Textarea,bg-selection,2.091127,4.693542
p3-amber-phosphor,dark,Textarea,bg-popover,2.091127,4.693542
p3-amber-phosphor,dark,Select,bg-bg,1.987561,4.783090
p3-amber-phosphor,dark,Select,bg-bg-elevated,2.091127,4.693542
p3-amber-phosphor,dark,Select,bg-surface,2.091127,4.693542
p3-amber-phosphor,dark,Select,bg-surface-hover,2.105959,4.566884
p3-amber-phosphor,dark,Select,bg-surface-active,2.003695,3.818809
p3-amber-phosphor,dark,Select,bg-selection,2.091127,4.693542
p3-amber-phosphor,dark,Select,bg-popover,2.091127,4.693542
p3-amber-phosphor,dark,Checkbox,bg-bg,1.987561,4.783090
p3-amber-phosphor,dark,Checkbox,bg-bg-elevated,2.091127,4.693542
p3-amber-phosphor,dark,Checkbox,bg-surface,2.091127,4.693542
p3-amber-phosphor,dark,Checkbox,bg-surface-hover,2.105959,4.566884
p3-amber-phosphor,dark,Checkbox,bg-surface-active,2.003695,3.818809
p3-amber-phosphor,dark,Checkbox,bg-selection,2.091127,4.693542
p3-amber-phosphor,dark,Checkbox,bg-popover,2.091127,4.693542
p3-amber-phosphor,dark,Switch,bg-bg,1.987561,4.783090
p3-amber-phosphor,dark,Switch,bg-bg-elevated,2.091127,4.693542
p3-amber-phosphor,dark,Switch,bg-surface,2.091127,4.693542
p3-amber-phosphor,dark,Switch,bg-surface-hover,2.105959,4.566884
p3-amber-phosphor,dark,Switch,bg-surface-active,2.003695,3.818809
p3-amber-phosphor,dark,Switch,bg-selection,2.091127,4.693542
p3-amber-phosphor,dark,Switch,bg-popover,2.091127,4.693542
p3-amber-phosphor,dark,Tabs,bg-bg,4.693542,4.693542
p3-amber-phosphor,dark,Tabs,bg-bg-elevated,4.693542,4.693542
p3-amber-phosphor,dark,Tabs,bg-surface,4.693542,4.693542
p3-amber-phosphor,dark,Tabs,bg-surface-hover,4.693542,4.693542
p3-amber-phosphor,dark,Tabs,bg-surface-active,4.693542,4.693542
p3-amber-phosphor,dark,Tabs,bg-selection,4.693542,4.693542
p3-amber-phosphor,dark,Tabs,bg-popover,4.693542,4.693542
p3-amber-phosphor,dark,Badge,bg-bg,4.783090,4.783090
p3-amber-phosphor,dark,Badge,bg-bg-elevated,4.693542,4.693542
p3-amber-phosphor,dark,Badge,bg-surface,4.693542,4.693542
p3-amber-phosphor,dark,Badge,bg-surface-hover,4.566884,4.566884
p3-amber-phosphor,dark,Badge,bg-surface-active,3.818809,3.818809
p3-amber-phosphor,dark,Badge,bg-selection,4.693542,4.693542
p3-amber-phosphor,dark,Badge,bg-popover,4.693542,4.693542
p3-amber-phosphor,dark,BadgeDestructive,bg-bg,4.783090,4.783090
p3-amber-phosphor,dark,BadgeDestructive,bg-bg-elevated,4.693542,4.693542
p3-amber-phosphor,dark,BadgeDestructive,bg-surface,4.693542,4.693542
p3-amber-phosphor,dark,BadgeDestructive,bg-surface-hover,4.566884,4.566884
p3-amber-phosphor,dark,BadgeDestructive,bg-surface-active,3.818809,3.818809
p3-amber-phosphor,dark,BadgeDestructive,bg-selection,4.693542,4.693542
p3-amber-phosphor,dark,BadgeDestructive,bg-popover,4.693542,4.693542
p3-amber-phosphor,dark,InputGroup,bg-bg,1.987561,4.783090
p3-amber-phosphor,dark,InputGroup,bg-bg-elevated,2.091127,4.693542
p3-amber-phosphor,dark,InputGroup,bg-surface,2.091127,4.693542
p3-amber-phosphor,dark,InputGroup,bg-surface-hover,2.105959,4.566884
p3-amber-phosphor,dark,InputGroup,bg-surface-active,2.003695,3.818809
p3-amber-phosphor,dark,InputGroup,bg-selection,2.091127,4.693542
p3-amber-phosphor,dark,InputGroup,bg-popover,2.091127,4.693542
p3-amber-phosphor,dark,InputGroupInvalid,bg-bg,2.042348,4.783090
p3-amber-phosphor,dark,InputGroupInvalid,bg-bg-elevated,2.096465,4.693542
p3-amber-phosphor,dark,InputGroupInvalid,bg-surface,2.096465,4.693542
p3-amber-phosphor,dark,InputGroupInvalid,bg-surface-hover,2.084265,4.566884
p3-amber-phosphor,dark,InputGroupInvalid,bg-surface-active,1.898440,3.818809
p3-amber-phosphor,dark,InputGroupInvalid,bg-selection,2.096465,4.693542
p3-amber-phosphor,dark,InputGroupInvalid,bg-popover,2.096465,4.693542
p3-amber-phosphor,dark,SelectInvalid,bg-bg,2.042348,4.783090
p3-amber-phosphor,dark,SelectInvalid,bg-bg-elevated,2.096465,4.693542
p3-amber-phosphor,dark,SelectInvalid,bg-surface,2.096465,4.693542
p3-amber-phosphor,dark,SelectInvalid,bg-surface-hover,2.084265,4.566884
p3-amber-phosphor,dark,SelectInvalid,bg-surface-active,1.898440,3.818809
p3-amber-phosphor,dark,SelectInvalid,bg-selection,2.096465,4.693542
p3-amber-phosphor,dark,SelectInvalid,bg-popover,2.096465,4.693542
p3-amber-phosphor,dark,BadgeInvalid,bg-bg,4.783090,4.783090
p3-amber-phosphor,dark,BadgeInvalid,bg-bg-elevated,4.693542,4.693542
p3-amber-phosphor,dark,BadgeInvalid,bg-surface,4.693542,4.693542
p3-amber-phosphor,dark,BadgeInvalid,bg-surface-hover,4.566884,4.566884
p3-amber-phosphor,dark,BadgeInvalid,bg-surface-active,3.818809,3.818809
p3-amber-phosphor,dark,BadgeInvalid,bg-selection,4.693542,4.693542
p3-amber-phosphor,dark,BadgeInvalid,bg-popover,4.693542,4.693542
p3-amber-phosphor,dark,ScrollArea,bg-bg,1.987561,4.783090
p3-amber-phosphor,dark,ScrollArea,bg-bg-elevated,2.091127,4.693542
p3-amber-phosphor,dark,ScrollArea,bg-surface,2.091127,4.693542
p3-amber-phosphor,dark,ScrollArea,bg-surface-hover,2.105959,4.566884
p3-amber-phosphor,dark,ScrollArea,bg-surface-active,2.003695,3.818809
p3-amber-phosphor,dark,ScrollArea,bg-selection,2.091127,4.693542
p3-amber-phosphor,dark,ScrollArea,bg-popover,2.091127,4.693542
p3-amber-phosphor,dark,ThemePicker,bg-bg,4.783090,4.783090
p3-amber-phosphor,dark,ThemePicker,bg-bg-elevated,4.693542,4.693542
p3-amber-phosphor,dark,ThemePicker,bg-surface,4.693542,4.693542
p3-amber-phosphor,dark,ThemePicker,bg-surface-hover,4.566884,4.566884
p3-amber-phosphor,dark,ThemePicker,bg-surface-active,3.818809,3.818809
p3-amber-phosphor,dark,ThemePicker,bg-selection,4.693542,4.693542
p3-amber-phosphor,dark,ThemePicker,bg-popover,4.693542,4.693542
p3-amber-phosphor,dark,Composer,bg-bg,4.783090,4.783090
p3-amber-phosphor,dark,Composer,bg-bg-elevated,4.693542,4.693542
p3-amber-phosphor,dark,Composer,bg-surface,4.693542,4.693542
p3-amber-phosphor,dark,Composer,bg-surface-hover,4.566884,4.566884
p3-amber-phosphor,dark,Composer,bg-surface-active,3.818809,3.818809
p3-amber-phosphor,dark,Composer,bg-selection,4.693542,4.693542
p3-amber-phosphor,dark,Composer,bg-popover,4.693542,4.693542
p3-amber-phosphor,dark,ButtonInvalid,bg-bg,2.042348,4.783090
p3-amber-phosphor,dark,ButtonInvalid,bg-bg-elevated,2.096465,4.693542
p3-amber-phosphor,dark,ButtonInvalid,bg-surface,2.096465,4.693542
p3-amber-phosphor,dark,ButtonInvalid,bg-surface-hover,2.084265,4.566884
p3-amber-phosphor,dark,ButtonInvalid,bg-surface-active,1.898440,3.818809
p3-amber-phosphor,dark,ButtonInvalid,bg-selection,2.096465,4.693542
p3-amber-phosphor,dark,ButtonInvalid,bg-popover,2.096465,4.693542
p3-amber-phosphor,dark,InputInvalid,bg-bg,2.042348,4.783090
p3-amber-phosphor,dark,InputInvalid,bg-bg-elevated,2.096465,4.693542
p3-amber-phosphor,dark,InputInvalid,bg-surface,2.096465,4.693542
p3-amber-phosphor,dark,InputInvalid,bg-surface-hover,2.084265,4.566884
p3-amber-phosphor,dark,InputInvalid,bg-surface-active,1.898440,3.818809
p3-amber-phosphor,dark,InputInvalid,bg-selection,2.096465,4.693542
p3-amber-phosphor,dark,InputInvalid,bg-popover,2.096465,4.693542
p3-amber-phosphor,dark,TextareaInvalid,bg-bg,2.042348,4.783090
p3-amber-phosphor,dark,TextareaInvalid,bg-bg-elevated,2.096465,4.693542
p3-amber-phosphor,dark,TextareaInvalid,bg-surface,2.096465,4.693542
p3-amber-phosphor,dark,TextareaInvalid,bg-surface-hover,2.084265,4.566884
p3-amber-phosphor,dark,TextareaInvalid,bg-surface-active,1.898440,3.818809
p3-amber-phosphor,dark,TextareaInvalid,bg-selection,2.096465,4.693542
p3-amber-phosphor,dark,TextareaInvalid,bg-popover,2.096465,4.693542
p3-amber-phosphor,dark,CheckboxInvalid,bg-bg,1.323790,4.783090
p3-amber-phosphor,dark,CheckboxInvalid,bg-bg-elevated,1.389326,4.693542
p3-amber-phosphor,dark,CheckboxInvalid,bg-surface,1.389326,4.693542
p3-amber-phosphor,dark,CheckboxInvalid,bg-surface-hover,1.403144,4.566884
p3-amber-phosphor,dark,CheckboxInvalid,bg-surface-active,1.377258,3.818809
p3-amber-phosphor,dark,CheckboxInvalid,bg-selection,1.389326,4.693542
p3-amber-phosphor,dark,CheckboxInvalid,bg-popover,1.389326,4.693542
p3-amber-phosphor,dark,SwitchInvalid,bg-bg,2.042348,4.783090
p3-amber-phosphor,dark,SwitchInvalid,bg-bg-elevated,2.096465,4.693542
p3-amber-phosphor,dark,SwitchInvalid,bg-surface,2.096465,4.693542
p3-amber-phosphor,dark,SwitchInvalid,bg-surface-hover,2.084265,4.566884
p3-amber-phosphor,dark,SwitchInvalid,bg-surface-active,1.898440,3.818809
p3-amber-phosphor,dark,SwitchInvalid,bg-selection,2.096465,4.693542
p3-amber-phosphor,dark,SwitchInvalid,bg-popover,2.096465,4.693542
p3-amber-phosphor,dark,HudInput,bg-bg,4.783090,4.783090
p3-amber-phosphor,dark,HudInput,bg-bg-elevated,4.693542,4.693542
p3-amber-phosphor,dark,HudInput,bg-surface,4.693542,4.693542
p3-amber-phosphor,dark,HudInput,bg-surface-hover,4.566884,4.566884
p3-amber-phosphor,dark,HudInput,bg-surface-active,3.818809,3.818809
p3-amber-phosphor,dark,HudInput,bg-selection,4.693542,4.693542
p3-amber-phosphor,dark,HudInput,bg-popover,4.693542,4.693542
p3-amber-phosphor,light,Button,bg-bg,2.318602,6.854038
p3-amber-phosphor,light,Button,bg-bg-elevated,2.349237,7.091338
p3-amber-phosphor,light,Button,bg-surface,2.222913,6.070668
p3-amber-phosphor,light,Button,bg-surface-hover,2.136424,5.450314
p3-amber-phosphor,light,Button,bg-surface-active,2.055401,4.919040
p3-amber-phosphor,light,Button,bg-selection,2.055401,4.919040
p3-amber-phosphor,light,Button,bg-popover,2.349237,7.091338
p3-amber-phosphor,light,ButtonDestructive,bg-bg,1.391211,6.854038
p3-amber-phosphor,light,ButtonDestructive,bg-bg-elevated,1.397260,7.091338
p3-amber-phosphor,light,ButtonDestructive,bg-surface,1.373253,6.070668
p3-amber-phosphor,light,ButtonDestructive,bg-surface-hover,1.355874,5.450314
p3-amber-phosphor,light,ButtonDestructive,bg-surface-active,1.338924,4.919040
p3-amber-phosphor,light,ButtonDestructive,bg-selection,1.338924,4.919040
p3-amber-phosphor,light,ButtonDestructive,bg-popover,1.397260,7.091338
p3-amber-phosphor,light,Input,bg-bg,2.318602,6.854038
p3-amber-phosphor,light,Input,bg-bg-elevated,2.349237,7.091338
p3-amber-phosphor,light,Input,bg-surface,2.222913,6.070668
p3-amber-phosphor,light,Input,bg-surface-hover,2.136424,5.450314
p3-amber-phosphor,light,Input,bg-surface-active,2.055401,4.919040
p3-amber-phosphor,light,Input,bg-selection,2.055401,4.919040
p3-amber-phosphor,light,Input,bg-popover,2.349237,7.091338
p3-amber-phosphor,light,Textarea,bg-bg,2.318602,6.854038
p3-amber-phosphor,light,Textarea,bg-bg-elevated,2.349237,7.091338
p3-amber-phosphor,light,Textarea,bg-surface,2.222913,6.070668
p3-amber-phosphor,light,Textarea,bg-surface-hover,2.136424,5.450314
p3-amber-phosphor,light,Textarea,bg-surface-active,2.055401,4.919040
p3-amber-phosphor,light,Textarea,bg-selection,2.055401,4.919040
p3-amber-phosphor,light,Textarea,bg-popover,2.349237,7.091338
p3-amber-phosphor,light,Select,bg-bg,2.318602,6.854038
p3-amber-phosphor,light,Select,bg-bg-elevated,2.349237,7.091338
p3-amber-phosphor,light,Select,bg-surface,2.222913,6.070668
p3-amber-phosphor,light,Select,bg-surface-hover,2.136424,5.450314
p3-amber-phosphor,light,Select,bg-surface-active,2.055401,4.919040
p3-amber-phosphor,light,Select,bg-selection,2.055401,4.919040
p3-amber-phosphor,light,Select,bg-popover,2.349237,7.091338
p3-amber-phosphor,light,Checkbox,bg-bg,2.318602,6.854038
p3-amber-phosphor,light,Checkbox,bg-bg-elevated,2.349237,7.091338
p3-amber-phosphor,light,Checkbox,bg-surface,2.222913,6.070668
p3-amber-phosphor,light,Checkbox,bg-surface-hover,2.136424,5.450314
p3-amber-phosphor,light,Checkbox,bg-surface-active,2.055401,4.919040
p3-amber-phosphor,light,Checkbox,bg-selection,2.055401,4.919040
p3-amber-phosphor,light,Checkbox,bg-popover,2.349237,7.091338
p3-amber-phosphor,light,Switch,bg-bg,2.318602,6.854038
p3-amber-phosphor,light,Switch,bg-bg-elevated,2.349237,7.091338
p3-amber-phosphor,light,Switch,bg-surface,2.222913,6.070668
p3-amber-phosphor,light,Switch,bg-surface-hover,2.136424,5.450314
p3-amber-phosphor,light,Switch,bg-surface-active,2.055401,4.919040
p3-amber-phosphor,light,Switch,bg-selection,2.055401,4.919040
p3-amber-phosphor,light,Switch,bg-popover,2.349237,7.091338
p3-amber-phosphor,light,Tabs,bg-bg,7.091338,7.091338
p3-amber-phosphor,light,Tabs,bg-bg-elevated,7.091338,7.091338
p3-amber-phosphor,light,Tabs,bg-surface,7.091338,7.091338
p3-amber-phosphor,light,Tabs,bg-surface-hover,7.091338,7.091338
p3-amber-phosphor,light,Tabs,bg-surface-active,7.091338,7.091338
p3-amber-phosphor,light,Tabs,bg-selection,7.091338,7.091338
p3-amber-phosphor,light,Tabs,bg-popover,7.091338,7.091338
p3-amber-phosphor,light,Badge,bg-bg,6.854038,6.854038
p3-amber-phosphor,light,Badge,bg-bg-elevated,7.091338,7.091338
p3-amber-phosphor,light,Badge,bg-surface,6.070668,6.070668
p3-amber-phosphor,light,Badge,bg-surface-hover,5.450314,5.450314
p3-amber-phosphor,light,Badge,bg-surface-active,4.919040,4.919040
p3-amber-phosphor,light,Badge,bg-selection,4.919040,4.919040
p3-amber-phosphor,light,Badge,bg-popover,7.091338,7.091338
p3-amber-phosphor,light,BadgeDestructive,bg-bg,6.854038,6.854038
p3-amber-phosphor,light,BadgeDestructive,bg-bg-elevated,7.091338,7.091338
p3-amber-phosphor,light,BadgeDestructive,bg-surface,6.070668,6.070668
p3-amber-phosphor,light,BadgeDestructive,bg-surface-hover,5.450314,5.450314
p3-amber-phosphor,light,BadgeDestructive,bg-surface-active,4.919040,4.919040
p3-amber-phosphor,light,BadgeDestructive,bg-selection,4.919040,4.919040
p3-amber-phosphor,light,BadgeDestructive,bg-popover,7.091338,7.091338
p3-amber-phosphor,light,InputGroup,bg-bg,2.318602,6.854038
p3-amber-phosphor,light,InputGroup,bg-bg-elevated,2.349237,7.091338
p3-amber-phosphor,light,InputGroup,bg-surface,2.222913,6.070668
p3-amber-phosphor,light,InputGroup,bg-surface-hover,2.136424,5.450314
p3-amber-phosphor,light,InputGroup,bg-surface-active,2.055401,4.919040
p3-amber-phosphor,light,InputGroup,bg-selection,2.055401,4.919040
p3-amber-phosphor,light,InputGroup,bg-popover,2.349237,7.091338
p3-amber-phosphor,light,InputGroupInvalid,bg-bg,1.391211,6.854038
p3-amber-phosphor,light,InputGroupInvalid,bg-bg-elevated,1.397260,7.091338
p3-amber-phosphor,light,InputGroupInvalid,bg-surface,1.373253,6.070668
p3-amber-phosphor,light,InputGroupInvalid,bg-surface-hover,1.355874,5.450314
p3-amber-phosphor,light,InputGroupInvalid,bg-surface-active,1.338924,4.919040
p3-amber-phosphor,light,InputGroupInvalid,bg-selection,1.338924,4.919040
p3-amber-phosphor,light,InputGroupInvalid,bg-popover,1.397260,7.091338
p3-amber-phosphor,light,SelectInvalid,bg-bg,1.391211,6.854038
p3-amber-phosphor,light,SelectInvalid,bg-bg-elevated,1.397260,7.091338
p3-amber-phosphor,light,SelectInvalid,bg-surface,1.373253,6.070668
p3-amber-phosphor,light,SelectInvalid,bg-surface-hover,1.355874,5.450314
p3-amber-phosphor,light,SelectInvalid,bg-surface-active,1.338924,4.919040
p3-amber-phosphor,light,SelectInvalid,bg-selection,1.338924,4.919040
p3-amber-phosphor,light,SelectInvalid,bg-popover,1.397260,7.091338
p3-amber-phosphor,light,BadgeInvalid,bg-bg,6.854038,6.854038
p3-amber-phosphor,light,BadgeInvalid,bg-bg-elevated,7.091338,7.091338
p3-amber-phosphor,light,BadgeInvalid,bg-surface,6.070668,6.070668
p3-amber-phosphor,light,BadgeInvalid,bg-surface-hover,5.450314,5.450314
p3-amber-phosphor,light,BadgeInvalid,bg-surface-active,4.919040,4.919040
p3-amber-phosphor,light,BadgeInvalid,bg-selection,4.919040,4.919040
p3-amber-phosphor,light,BadgeInvalid,bg-popover,7.091338,7.091338
p3-amber-phosphor,light,ScrollArea,bg-bg,2.318602,6.854038
p3-amber-phosphor,light,ScrollArea,bg-bg-elevated,2.349237,7.091338
p3-amber-phosphor,light,ScrollArea,bg-surface,2.222913,6.070668
p3-amber-phosphor,light,ScrollArea,bg-surface-hover,2.136424,5.450314
p3-amber-phosphor,light,ScrollArea,bg-surface-active,2.055401,4.919040
p3-amber-phosphor,light,ScrollArea,bg-selection,2.055401,4.919040
p3-amber-phosphor,light,ScrollArea,bg-popover,2.349237,7.091338
p3-amber-phosphor,light,ThemePicker,bg-bg,6.854038,6.854038
p3-amber-phosphor,light,ThemePicker,bg-bg-elevated,7.091338,7.091338
p3-amber-phosphor,light,ThemePicker,bg-surface,6.070668,6.070668
p3-amber-phosphor,light,ThemePicker,bg-surface-hover,5.450314,5.450314
p3-amber-phosphor,light,ThemePicker,bg-surface-active,4.919040,4.919040
p3-amber-phosphor,light,ThemePicker,bg-selection,4.919040,4.919040
p3-amber-phosphor,light,ThemePicker,bg-popover,7.091338,7.091338
p3-amber-phosphor,light,Composer,bg-bg,6.854038,6.854038
p3-amber-phosphor,light,Composer,bg-bg-elevated,7.091338,7.091338
p3-amber-phosphor,light,Composer,bg-surface,6.070668,6.070668
p3-amber-phosphor,light,Composer,bg-surface-hover,5.450314,5.450314
p3-amber-phosphor,light,Composer,bg-surface-active,4.919040,4.919040
p3-amber-phosphor,light,Composer,bg-selection,4.919040,4.919040
p3-amber-phosphor,light,Composer,bg-popover,7.091338,7.091338
p3-amber-phosphor,light,ButtonInvalid,bg-bg,1.391211,6.854038
p3-amber-phosphor,light,ButtonInvalid,bg-bg-elevated,1.397260,7.091338
p3-amber-phosphor,light,ButtonInvalid,bg-surface,1.373253,6.070668
p3-amber-phosphor,light,ButtonInvalid,bg-surface-hover,1.355874,5.450314
p3-amber-phosphor,light,ButtonInvalid,bg-surface-active,1.338924,4.919040
p3-amber-phosphor,light,ButtonInvalid,bg-selection,1.338924,4.919040
p3-amber-phosphor,light,ButtonInvalid,bg-popover,1.397260,7.091338
p3-amber-phosphor,light,InputInvalid,bg-bg,1.391211,6.854038
p3-amber-phosphor,light,InputInvalid,bg-bg-elevated,1.397260,7.091338
p3-amber-phosphor,light,InputInvalid,bg-surface,1.373253,6.070668
p3-amber-phosphor,light,InputInvalid,bg-surface-hover,1.355874,5.450314
p3-amber-phosphor,light,InputInvalid,bg-surface-active,1.338924,4.919040
p3-amber-phosphor,light,InputInvalid,bg-selection,1.338924,4.919040
p3-amber-phosphor,light,InputInvalid,bg-popover,1.397260,7.091338
p3-amber-phosphor,light,TextareaInvalid,bg-bg,1.391211,6.854038
p3-amber-phosphor,light,TextareaInvalid,bg-bg-elevated,1.397260,7.091338
p3-amber-phosphor,light,TextareaInvalid,bg-surface,1.373253,6.070668
p3-amber-phosphor,light,TextareaInvalid,bg-surface-hover,1.355874,5.450314
p3-amber-phosphor,light,TextareaInvalid,bg-surface-active,1.338924,4.919040
p3-amber-phosphor,light,TextareaInvalid,bg-selection,1.338924,4.919040
p3-amber-phosphor,light,TextareaInvalid,bg-popover,1.397260,7.091338
p3-amber-phosphor,light,CheckboxInvalid,bg-bg,1.391211,6.854038
p3-amber-phosphor,light,CheckboxInvalid,bg-bg-elevated,1.397260,7.091338
p3-amber-phosphor,light,CheckboxInvalid,bg-surface,1.373253,6.070668
p3-amber-phosphor,light,CheckboxInvalid,bg-surface-hover,1.355874,5.450314
p3-amber-phosphor,light,CheckboxInvalid,bg-surface-active,1.338924,4.919040
p3-amber-phosphor,light,CheckboxInvalid,bg-selection,1.338924,4.919040
p3-amber-phosphor,light,CheckboxInvalid,bg-popover,1.397260,7.091338
p3-amber-phosphor,light,SwitchInvalid,bg-bg,1.391211,6.854038
p3-amber-phosphor,light,SwitchInvalid,bg-bg-elevated,1.397260,7.091338
p3-amber-phosphor,light,SwitchInvalid,bg-surface,1.373253,6.070668
p3-amber-phosphor,light,SwitchInvalid,bg-surface-hover,1.355874,5.450314
p3-amber-phosphor,light,SwitchInvalid,bg-surface-active,1.338924,4.919040
p3-amber-phosphor,light,SwitchInvalid,bg-selection,1.338924,4.919040
p3-amber-phosphor,light,SwitchInvalid,bg-popover,1.397260,7.091338
p3-amber-phosphor,light,HudInput,bg-bg,6.854038,6.854038
p3-amber-phosphor,light,HudInput,bg-bg-elevated,7.091338,7.091338
p3-amber-phosphor,light,HudInput,bg-surface,6.070668,6.070668
p3-amber-phosphor,light,HudInput,bg-surface-hover,5.450314,5.450314
p3-amber-phosphor,light,HudInput,bg-surface-active,4.919040,4.919040
p3-amber-phosphor,light,HudInput,bg-selection,4.919040,4.919040
p3-amber-phosphor,light,HudInput,bg-popover,7.091338,7.091338
hi-contrast,dark,Button,bg-bg,3.728238,13.477855
hi-contrast,dark,Button,bg-bg-elevated,3.864998,12.366533
hi-contrast,dark,Button,bg-surface,3.864998,12.366533
hi-contrast,dark,Button,bg-surface-hover,3.847014,11.831040
hi-contrast,dark,Button,bg-surface-active,3.192243,7.875572
hi-contrast,dark,Button,bg-selection,3.864998,12.366533
hi-contrast,dark,Button,bg-popover,3.864998,12.366533
hi-contrast,dark,ButtonDestructive,bg-bg,1.893948,13.477855
hi-contrast,dark,ButtonDestructive,bg-bg-elevated,1.971727,12.366533
hi-contrast,dark,ButtonDestructive,bg-surface,1.971727,12.366533
hi-contrast,dark,ButtonDestructive,bg-surface-hover,1.970092,11.831040
hi-contrast,dark,ButtonDestructive,bg-surface-active,1.696154,7.875572
hi-contrast,dark,ButtonDestructive,bg-selection,1.971727,12.366533
hi-contrast,dark,ButtonDestructive,bg-popover,1.971727,12.366533
hi-contrast,dark,Input,bg-bg,3.728238,13.477855
hi-contrast,dark,Input,bg-bg-elevated,3.864998,12.366533
hi-contrast,dark,Input,bg-surface,3.864998,12.366533
hi-contrast,dark,Input,bg-surface-hover,3.847014,11.831040
hi-contrast,dark,Input,bg-surface-active,3.192243,7.875572
hi-contrast,dark,Input,bg-selection,3.864998,12.366533
hi-contrast,dark,Input,bg-popover,3.864998,12.366533
hi-contrast,dark,Textarea,bg-bg,3.728238,13.477855
hi-contrast,dark,Textarea,bg-bg-elevated,3.864998,12.366533
hi-contrast,dark,Textarea,bg-surface,3.864998,12.366533
hi-contrast,dark,Textarea,bg-surface-hover,3.847014,11.831040
hi-contrast,dark,Textarea,bg-surface-active,3.192243,7.875572
hi-contrast,dark,Textarea,bg-selection,3.864998,12.366533
hi-contrast,dark,Textarea,bg-popover,3.864998,12.366533
hi-contrast,dark,Select,bg-bg,3.728238,13.477855
hi-contrast,dark,Select,bg-bg-elevated,3.864998,12.366533
hi-contrast,dark,Select,bg-surface,3.864998,12.366533
hi-contrast,dark,Select,bg-surface-hover,3.847014,11.831040
hi-contrast,dark,Select,bg-surface-active,3.192243,7.875572
hi-contrast,dark,Select,bg-selection,3.864998,12.366533
hi-contrast,dark,Select,bg-popover,3.864998,12.366533
hi-contrast,dark,Checkbox,bg-bg,3.728238,13.477855
hi-contrast,dark,Checkbox,bg-bg-elevated,3.864998,12.366533
hi-contrast,dark,Checkbox,bg-surface,3.864998,12.366533
hi-contrast,dark,Checkbox,bg-surface-hover,3.847014,11.831040
hi-contrast,dark,Checkbox,bg-surface-active,3.192243,7.875572
hi-contrast,dark,Checkbox,bg-selection,3.864998,12.366533
hi-contrast,dark,Checkbox,bg-popover,3.864998,12.366533
hi-contrast,dark,Switch,bg-bg,3.728238,13.477855
hi-contrast,dark,Switch,bg-bg-elevated,3.864998,12.366533
hi-contrast,dark,Switch,bg-surface,3.864998,12.366533
hi-contrast,dark,Switch,bg-surface-hover,3.847014,11.831040
hi-contrast,dark,Switch,bg-surface-active,3.192243,7.875572
hi-contrast,dark,Switch,bg-selection,3.864998,12.366533
hi-contrast,dark,Switch,bg-popover,3.864998,12.366533
hi-contrast,dark,Tabs,bg-bg,12.366533,12.366533
hi-contrast,dark,Tabs,bg-bg-elevated,12.366533,12.366533
hi-contrast,dark,Tabs,bg-surface,12.366533,12.366533
hi-contrast,dark,Tabs,bg-surface-hover,12.366533,12.366533
hi-contrast,dark,Tabs,bg-surface-active,12.366533,12.366533
hi-contrast,dark,Tabs,bg-selection,12.366533,12.366533
hi-contrast,dark,Tabs,bg-popover,12.366533,12.366533
hi-contrast,dark,Badge,bg-bg,13.477855,13.477855
hi-contrast,dark,Badge,bg-bg-elevated,12.366533,12.366533
hi-contrast,dark,Badge,bg-surface,12.366533,12.366533
hi-contrast,dark,Badge,bg-surface-hover,11.831040,11.831040
hi-contrast,dark,Badge,bg-surface-active,7.875572,7.875572
hi-contrast,dark,Badge,bg-selection,12.366533,12.366533
hi-contrast,dark,Badge,bg-popover,12.366533,12.366533
hi-contrast,dark,BadgeDestructive,bg-bg,13.477855,13.477855
hi-contrast,dark,BadgeDestructive,bg-bg-elevated,12.366533,12.366533
hi-contrast,dark,BadgeDestructive,bg-surface,12.366533,12.366533
hi-contrast,dark,BadgeDestructive,bg-surface-hover,11.831040,11.831040
hi-contrast,dark,BadgeDestructive,bg-surface-active,7.875572,7.875572
hi-contrast,dark,BadgeDestructive,bg-selection,12.366533,12.366533
hi-contrast,dark,BadgeDestructive,bg-popover,12.366533,12.366533
hi-contrast,dark,InputGroup,bg-bg,3.728238,13.477855
hi-contrast,dark,InputGroup,bg-bg-elevated,3.864998,12.366533
hi-contrast,dark,InputGroup,bg-surface,3.864998,12.366533
hi-contrast,dark,InputGroup,bg-surface-hover,3.847014,11.831040
hi-contrast,dark,InputGroup,bg-surface-active,3.192243,7.875572
hi-contrast,dark,InputGroup,bg-selection,3.864998,12.366533
hi-contrast,dark,InputGroup,bg-popover,3.864998,12.366533
hi-contrast,dark,InputGroupInvalid,bg-bg,1.893948,13.477855
hi-contrast,dark,InputGroupInvalid,bg-bg-elevated,1.971727,12.366533
hi-contrast,dark,InputGroupInvalid,bg-surface,1.971727,12.366533
hi-contrast,dark,InputGroupInvalid,bg-surface-hover,1.970092,11.831040
hi-contrast,dark,InputGroupInvalid,bg-surface-active,1.696154,7.875572
hi-contrast,dark,InputGroupInvalid,bg-selection,1.971727,12.366533
hi-contrast,dark,InputGroupInvalid,bg-popover,1.971727,12.366533
hi-contrast,dark,SelectInvalid,bg-bg,1.893948,13.477855
hi-contrast,dark,SelectInvalid,bg-bg-elevated,1.971727,12.366533
hi-contrast,dark,SelectInvalid,bg-surface,1.971727,12.366533
hi-contrast,dark,SelectInvalid,bg-surface-hover,1.970092,11.831040
hi-contrast,dark,SelectInvalid,bg-surface-active,1.696154,7.875572
hi-contrast,dark,SelectInvalid,bg-selection,1.971727,12.366533
hi-contrast,dark,SelectInvalid,bg-popover,1.971727,12.366533
hi-contrast,dark,BadgeInvalid,bg-bg,13.477855,13.477855
hi-contrast,dark,BadgeInvalid,bg-bg-elevated,12.366533,12.366533
hi-contrast,dark,BadgeInvalid,bg-surface,12.366533,12.366533
hi-contrast,dark,BadgeInvalid,bg-surface-hover,11.831040,11.831040
hi-contrast,dark,BadgeInvalid,bg-surface-active,7.875572,7.875572
hi-contrast,dark,BadgeInvalid,bg-selection,12.366533,12.366533
hi-contrast,dark,BadgeInvalid,bg-popover,12.366533,12.366533
hi-contrast,dark,ScrollArea,bg-bg,3.728238,13.477855
hi-contrast,dark,ScrollArea,bg-bg-elevated,3.864998,12.366533
hi-contrast,dark,ScrollArea,bg-surface,3.864998,12.366533
hi-contrast,dark,ScrollArea,bg-surface-hover,3.847014,11.831040
hi-contrast,dark,ScrollArea,bg-surface-active,3.192243,7.875572
hi-contrast,dark,ScrollArea,bg-selection,3.864998,12.366533
hi-contrast,dark,ScrollArea,bg-popover,3.864998,12.366533
hi-contrast,dark,ThemePicker,bg-bg,13.477855,13.477855
hi-contrast,dark,ThemePicker,bg-bg-elevated,12.366533,12.366533
hi-contrast,dark,ThemePicker,bg-surface,12.366533,12.366533
hi-contrast,dark,ThemePicker,bg-surface-hover,11.831040,11.831040
hi-contrast,dark,ThemePicker,bg-surface-active,7.875572,7.875572
hi-contrast,dark,ThemePicker,bg-selection,12.366533,12.366533
hi-contrast,dark,ThemePicker,bg-popover,12.366533,12.366533
hi-contrast,dark,Composer,bg-bg,13.477855,13.477855
hi-contrast,dark,Composer,bg-bg-elevated,12.366533,12.366533
hi-contrast,dark,Composer,bg-surface,12.366533,12.366533
hi-contrast,dark,Composer,bg-surface-hover,11.831040,11.831040
hi-contrast,dark,Composer,bg-surface-active,7.875572,7.875572
hi-contrast,dark,Composer,bg-selection,12.366533,12.366533
hi-contrast,dark,Composer,bg-popover,12.366533,12.366533
hi-contrast,dark,ButtonInvalid,bg-bg,1.893948,13.477855
hi-contrast,dark,ButtonInvalid,bg-bg-elevated,1.971727,12.366533
hi-contrast,dark,ButtonInvalid,bg-surface,1.971727,12.366533
hi-contrast,dark,ButtonInvalid,bg-surface-hover,1.970092,11.831040
hi-contrast,dark,ButtonInvalid,bg-surface-active,1.696154,7.875572
hi-contrast,dark,ButtonInvalid,bg-selection,1.971727,12.366533
hi-contrast,dark,ButtonInvalid,bg-popover,1.971727,12.366533
hi-contrast,dark,InputInvalid,bg-bg,1.893948,13.477855
hi-contrast,dark,InputInvalid,bg-bg-elevated,1.971727,12.366533
hi-contrast,dark,InputInvalid,bg-surface,1.971727,12.366533
hi-contrast,dark,InputInvalid,bg-surface-hover,1.970092,11.831040
hi-contrast,dark,InputInvalid,bg-surface-active,1.696154,7.875572
hi-contrast,dark,InputInvalid,bg-selection,1.971727,12.366533
hi-contrast,dark,InputInvalid,bg-popover,1.971727,12.366533
hi-contrast,dark,TextareaInvalid,bg-bg,1.893948,13.477855
hi-contrast,dark,TextareaInvalid,bg-bg-elevated,1.971727,12.366533
hi-contrast,dark,TextareaInvalid,bg-surface,1.971727,12.366533
hi-contrast,dark,TextareaInvalid,bg-surface-hover,1.970092,11.831040
hi-contrast,dark,TextareaInvalid,bg-surface-active,1.696154,7.875572
hi-contrast,dark,TextareaInvalid,bg-selection,1.971727,12.366533
hi-contrast,dark,TextareaInvalid,bg-popover,1.971727,12.366533
hi-contrast,dark,CheckboxInvalid,bg-bg,1.249558,13.477855
hi-contrast,dark,CheckboxInvalid,bg-bg-elevated,1.322248,12.366533
hi-contrast,dark,CheckboxInvalid,bg-surface,1.322248,12.366533
hi-contrast,dark,CheckboxInvalid,bg-surface-hover,1.337399,11.831040
hi-contrast,dark,CheckboxInvalid,bg-surface-active,1.283396,7.875572
hi-contrast,dark,CheckboxInvalid,bg-selection,1.322248,12.366533
hi-contrast,dark,CheckboxInvalid,bg-popover,1.322248,12.366533
hi-contrast,dark,SwitchInvalid,bg-bg,1.893948,13.477855
hi-contrast,dark,SwitchInvalid,bg-bg-elevated,1.971727,12.366533
hi-contrast,dark,SwitchInvalid,bg-surface,1.971727,12.366533
hi-contrast,dark,SwitchInvalid,bg-surface-hover,1.970092,11.831040
hi-contrast,dark,SwitchInvalid,bg-surface-active,1.696154,7.875572
hi-contrast,dark,SwitchInvalid,bg-selection,1.971727,12.366533
hi-contrast,dark,SwitchInvalid,bg-popover,1.971727,12.366533
hi-contrast,dark,HudInput,bg-bg,13.477855,13.477855
hi-contrast,dark,HudInput,bg-bg-elevated,12.366533,12.366533
hi-contrast,dark,HudInput,bg-surface,12.366533,12.366533
hi-contrast,dark,HudInput,bg-surface-hover,11.831040,11.831040
hi-contrast,dark,HudInput,bg-surface-active,7.875572,7.875572
hi-contrast,dark,HudInput,bg-selection,12.366533,12.366533
hi-contrast,dark,HudInput,bg-popover,12.366533,12.366533
hi-contrast,light,Button,bg-bg,2.587590,9.534666
hi-contrast,light,Button,bg-bg-elevated,2.587590,9.534666
hi-contrast,light,Button,bg-surface,2.514445,8.668929
hi-contrast,light,Button,bg-surface-hover,2.431048,7.781670
hi-contrast,light,Button,bg-surface-active,2.351197,7.019831
hi-contrast,light,Button,bg-selection,2.351197,7.019831
hi-contrast,light,Button,bg-popover,2.587590,9.534666
hi-contrast,light,ButtonDestructive,bg-bg,1.491939,9.534666
hi-contrast,light,ButtonDestructive,bg-bg-elevated,1.491939,9.534666
hi-contrast,light,ButtonDestructive,bg-surface,1.481645,8.668929
hi-contrast,light,ButtonDestructive,bg-surface-hover,1.469359,7.781670
hi-contrast,light,ButtonDestructive,bg-surface-active,1.457005,7.019831
hi-contrast,light,ButtonDestructive,bg-selection,1.457005,7.019831
hi-contrast,light,ButtonDestructive,bg-popover,1.491939,9.534666
hi-contrast,light,Input,bg-bg,2.587590,9.534666
hi-contrast,light,Input,bg-bg-elevated,2.587590,9.534666
hi-contrast,light,Input,bg-surface,2.514445,8.668929
hi-contrast,light,Input,bg-surface-hover,2.431048,7.781670
hi-contrast,light,Input,bg-surface-active,2.351197,7.019831
hi-contrast,light,Input,bg-selection,2.351197,7.019831
hi-contrast,light,Input,bg-popover,2.587590,9.534666
hi-contrast,light,Textarea,bg-bg,2.587590,9.534666
hi-contrast,light,Textarea,bg-bg-elevated,2.587590,9.534666
hi-contrast,light,Textarea,bg-surface,2.514445,8.668929
hi-contrast,light,Textarea,bg-surface-hover,2.431048,7.781670
hi-contrast,light,Textarea,bg-surface-active,2.351197,7.019831
hi-contrast,light,Textarea,bg-selection,2.351197,7.019831
hi-contrast,light,Textarea,bg-popover,2.587590,9.534666
hi-contrast,light,Select,bg-bg,2.587590,9.534666
hi-contrast,light,Select,bg-bg-elevated,2.587590,9.534666
hi-contrast,light,Select,bg-surface,2.514445,8.668929
hi-contrast,light,Select,bg-surface-hover,2.431048,7.781670
hi-contrast,light,Select,bg-surface-active,2.351197,7.019831
hi-contrast,light,Select,bg-selection,2.351197,7.019831
hi-contrast,light,Select,bg-popover,2.587590,9.534666
hi-contrast,light,Checkbox,bg-bg,2.587590,9.534666
hi-contrast,light,Checkbox,bg-bg-elevated,2.587590,9.534666
hi-contrast,light,Checkbox,bg-surface,2.514445,8.668929
hi-contrast,light,Checkbox,bg-surface-hover,2.431048,7.781670
hi-contrast,light,Checkbox,bg-surface-active,2.351197,7.019831
hi-contrast,light,Checkbox,bg-selection,2.351197,7.019831
hi-contrast,light,Checkbox,bg-popover,2.587590,9.534666
hi-contrast,light,Switch,bg-bg,2.587590,9.534666
hi-contrast,light,Switch,bg-bg-elevated,2.587590,9.534666
hi-contrast,light,Switch,bg-surface,2.514445,8.668929
hi-contrast,light,Switch,bg-surface-hover,2.431048,7.781670
hi-contrast,light,Switch,bg-surface-active,2.351197,7.019831
hi-contrast,light,Switch,bg-selection,2.351197,7.019831
hi-contrast,light,Switch,bg-popover,2.587590,9.534666
hi-contrast,light,Tabs,bg-bg,9.534666,9.534666
hi-contrast,light,Tabs,bg-bg-elevated,9.534666,9.534666
hi-contrast,light,Tabs,bg-surface,9.534666,9.534666
hi-contrast,light,Tabs,bg-surface-hover,9.534666,9.534666
hi-contrast,light,Tabs,bg-surface-active,9.534666,9.534666
hi-contrast,light,Tabs,bg-selection,9.534666,9.534666
hi-contrast,light,Tabs,bg-popover,9.534666,9.534666
hi-contrast,light,Badge,bg-bg,9.534666,9.534666
hi-contrast,light,Badge,bg-bg-elevated,9.534666,9.534666
hi-contrast,light,Badge,bg-surface,8.668929,8.668929
hi-contrast,light,Badge,bg-surface-hover,7.781670,7.781670
hi-contrast,light,Badge,bg-surface-active,7.019831,7.019831
hi-contrast,light,Badge,bg-selection,7.019831,7.019831
hi-contrast,light,Badge,bg-popover,9.534666,9.534666
hi-contrast,light,BadgeDestructive,bg-bg,9.534666,9.534666
hi-contrast,light,BadgeDestructive,bg-bg-elevated,9.534666,9.534666
hi-contrast,light,BadgeDestructive,bg-surface,8.668929,8.668929
hi-contrast,light,BadgeDestructive,bg-surface-hover,7.781670,7.781670
hi-contrast,light,BadgeDestructive,bg-surface-active,7.019831,7.019831
hi-contrast,light,BadgeDestructive,bg-selection,7.019831,7.019831
hi-contrast,light,BadgeDestructive,bg-popover,9.534666,9.534666
hi-contrast,light,InputGroup,bg-bg,2.587590,9.534666
hi-contrast,light,InputGroup,bg-bg-elevated,2.587590,9.534666
hi-contrast,light,InputGroup,bg-surface,2.514445,8.668929
hi-contrast,light,InputGroup,bg-surface-hover,2.431048,7.781670
hi-contrast,light,InputGroup,bg-surface-active,2.351197,7.019831
hi-contrast,light,InputGroup,bg-selection,2.351197,7.019831
hi-contrast,light,InputGroup,bg-popover,2.587590,9.534666
hi-contrast,light,InputGroupInvalid,bg-bg,1.491939,9.534666
hi-contrast,light,InputGroupInvalid,bg-bg-elevated,1.491939,9.534666
hi-contrast,light,InputGroupInvalid,bg-surface,1.481645,8.668929
hi-contrast,light,InputGroupInvalid,bg-surface-hover,1.469359,7.781670
hi-contrast,light,InputGroupInvalid,bg-surface-active,1.457005,7.019831
hi-contrast,light,InputGroupInvalid,bg-selection,1.457005,7.019831
hi-contrast,light,InputGroupInvalid,bg-popover,1.491939,9.534666
hi-contrast,light,SelectInvalid,bg-bg,1.491939,9.534666
hi-contrast,light,SelectInvalid,bg-bg-elevated,1.491939,9.534666
hi-contrast,light,SelectInvalid,bg-surface,1.481645,8.668929
hi-contrast,light,SelectInvalid,bg-surface-hover,1.469359,7.781670
hi-contrast,light,SelectInvalid,bg-surface-active,1.457005,7.019831
hi-contrast,light,SelectInvalid,bg-selection,1.457005,7.019831
hi-contrast,light,SelectInvalid,bg-popover,1.491939,9.534666
hi-contrast,light,BadgeInvalid,bg-bg,9.534666,9.534666
hi-contrast,light,BadgeInvalid,bg-bg-elevated,9.534666,9.534666
hi-contrast,light,BadgeInvalid,bg-surface,8.668929,8.668929
hi-contrast,light,BadgeInvalid,bg-surface-hover,7.781670,7.781670
hi-contrast,light,BadgeInvalid,bg-surface-active,7.019831,7.019831
hi-contrast,light,BadgeInvalid,bg-selection,7.019831,7.019831
hi-contrast,light,BadgeInvalid,bg-popover,9.534666,9.534666
hi-contrast,light,ScrollArea,bg-bg,2.587590,9.534666
hi-contrast,light,ScrollArea,bg-bg-elevated,2.587590,9.534666
hi-contrast,light,ScrollArea,bg-surface,2.514445,8.668929
hi-contrast,light,ScrollArea,bg-surface-hover,2.431048,7.781670
hi-contrast,light,ScrollArea,bg-surface-active,2.351197,7.019831
hi-contrast,light,ScrollArea,bg-selection,2.351197,7.019831
hi-contrast,light,ScrollArea,bg-popover,2.587590,9.534666
hi-contrast,light,ThemePicker,bg-bg,9.534666,9.534666
hi-contrast,light,ThemePicker,bg-bg-elevated,9.534666,9.534666
hi-contrast,light,ThemePicker,bg-surface,8.668929,8.668929
hi-contrast,light,ThemePicker,bg-surface-hover,7.781670,7.781670
hi-contrast,light,ThemePicker,bg-surface-active,7.019831,7.019831
hi-contrast,light,ThemePicker,bg-selection,7.019831,7.019831
hi-contrast,light,ThemePicker,bg-popover,9.534666,9.534666
hi-contrast,light,Composer,bg-bg,9.534666,9.534666
hi-contrast,light,Composer,bg-bg-elevated,9.534666,9.534666
hi-contrast,light,Composer,bg-surface,8.668929,8.668929
hi-contrast,light,Composer,bg-surface-hover,7.781670,7.781670
hi-contrast,light,Composer,bg-surface-active,7.019831,7.019831
hi-contrast,light,Composer,bg-selection,7.019831,7.019831
hi-contrast,light,Composer,bg-popover,9.534666,9.534666
hi-contrast,light,ButtonInvalid,bg-bg,1.491939,9.534666
hi-contrast,light,ButtonInvalid,bg-bg-elevated,1.491939,9.534666
hi-contrast,light,ButtonInvalid,bg-surface,1.481645,8.668929
hi-contrast,light,ButtonInvalid,bg-surface-hover,1.469359,7.781670
hi-contrast,light,ButtonInvalid,bg-surface-active,1.457005,7.019831
hi-contrast,light,ButtonInvalid,bg-selection,1.457005,7.019831
hi-contrast,light,ButtonInvalid,bg-popover,1.491939,9.534666
hi-contrast,light,InputInvalid,bg-bg,1.491939,9.534666
hi-contrast,light,InputInvalid,bg-bg-elevated,1.491939,9.534666
hi-contrast,light,InputInvalid,bg-surface,1.481645,8.668929
hi-contrast,light,InputInvalid,bg-surface-hover,1.469359,7.781670
hi-contrast,light,InputInvalid,bg-surface-active,1.457005,7.019831
hi-contrast,light,InputInvalid,bg-selection,1.457005,7.019831
hi-contrast,light,InputInvalid,bg-popover,1.491939,9.534666
hi-contrast,light,TextareaInvalid,bg-bg,1.491939,9.534666
hi-contrast,light,TextareaInvalid,bg-bg-elevated,1.491939,9.534666
hi-contrast,light,TextareaInvalid,bg-surface,1.481645,8.668929
hi-contrast,light,TextareaInvalid,bg-surface-hover,1.469359,7.781670
hi-contrast,light,TextareaInvalid,bg-surface-active,1.457005,7.019831
hi-contrast,light,TextareaInvalid,bg-selection,1.457005,7.019831
hi-contrast,light,TextareaInvalid,bg-popover,1.491939,9.534666
hi-contrast,light,CheckboxInvalid,bg-bg,1.491939,9.534666
hi-contrast,light,CheckboxInvalid,bg-bg-elevated,1.491939,9.534666
hi-contrast,light,CheckboxInvalid,bg-surface,1.481645,8.668929
hi-contrast,light,CheckboxInvalid,bg-surface-hover,1.469359,7.781670
hi-contrast,light,CheckboxInvalid,bg-surface-active,1.457005,7.019831
hi-contrast,light,CheckboxInvalid,bg-selection,1.457005,7.019831
hi-contrast,light,CheckboxInvalid,bg-popover,1.491939,9.534666
hi-contrast,light,SwitchInvalid,bg-bg,1.491939,9.534666
hi-contrast,light,SwitchInvalid,bg-bg-elevated,1.491939,9.534666
hi-contrast,light,SwitchInvalid,bg-surface,1.481645,8.668929
hi-contrast,light,SwitchInvalid,bg-surface-hover,1.469359,7.781670
hi-contrast,light,SwitchInvalid,bg-surface-active,1.457005,7.019831
hi-contrast,light,SwitchInvalid,bg-selection,1.457005,7.019831
hi-contrast,light,SwitchInvalid,bg-popover,1.491939,9.534666
hi-contrast,light,HudInput,bg-bg,9.534666,9.534666
hi-contrast,light,HudInput,bg-bg-elevated,9.534666,9.534666
hi-contrast,light,HudInput,bg-surface,8.668929,8.668929
hi-contrast,light,HudInput,bg-surface-hover,7.781670,7.781670
hi-contrast,light,HudInput,bg-surface-active,7.019831,7.019831
hi-contrast,light,HudInput,bg-selection,7.019831,7.019831
hi-contrast,light,HudInput,bg-popover,9.534666,9.534666
